title,authors,year,url,bucket
Deep hierarchical super resolution for scientific data,"SW Wurster, H Guo, HW Shen",2022,https://ieeexplore.ieee.org/abstract/document/9920542/,B
Psrflow: Probabilistic super resolution with flow-based models for scientific data,"J Shen, HW Shen",2023,https://ieeexplore.ieee.org/abstract/document/10309865/,B
Scientific Data Compression and Super-Resolution Sampling,"M Vu, A Lokhov",2025,https://arxiv.org/abs/2511.13675,B
Turbulence in focus: Benchmarking scaling behavior of 3D volumetric super-resolution with BLASTNet 2.0 data,"WT Chung, B Akoush, P Sharma",2023,https://proceedings.neurips.cc/paper_files/paper/2023/hash/f458af2455b1e12608c2a16c308d663d-Abstract-Datasets_and_Benchmarks.html,B
Scientific error-bounded lossy compression with super-resolution neural networks,"J Liu, S Di, S Jin, K Zhao, X Liang",2023,https://ieeexplore.ieee.org/abstract/document/10386682/,B
SSR-TVD: Spatial super-resolution for time-varying data analysis and visualization,"J Han, C Wang",2020,https://ieeexplore.ieee.org/abstract/document/9229162/,B
FFEINR: Flow feature-enhanced implicit neural representation for spatio-temporal super-resolution,"C Jiao, C Bi, L Yang",2023,https://arxiv.org/abs/2308.12508,B
TSR-TVD: Temporal super-resolution for time-varying data analysis and visualization,"J Han, C Wang",2019,https://ieeexplore.ieee.org/abstract/document/8802285/,B
Strictly enforcing invertibility and conservation in CNN-based super resolution for scientific datasets,"A Geiss, JC Hardin",2023,https://journals.ametsoc.org/view/journals/aies/2/1/AIES-D-21-0012.1.xml,B
GMT: A deep learning approach to generalized multivariate translation for scientific data analysis and visualization,"S Yao, J Han, C Wang",2023,https://www.sciencedirect.com/science/article/pii/S0097849323000390,B
Data-Driven Super-Resolution Reconstruction of Quasi-Geostrophic Turbulence Via Enhanced Diffusion Model and Fourier Neural Operator,"Y Guo, J Song, X Cao, H Leng",2025,https://ieeexplore.ieee.org/abstract/document/11391728/,B
Deep Learning-Based Super-Resolution of Digital Elevation Models in Data Poor Regions.,"A Dahal, B Van Den Bout, CJ van Westen, M Nolde",2022,https://eartharxiv.org/repository/view/4639/,B
Adaptable physics-based super-resolution for electron backscatter diffraction maps,"DK Jangid, NR Brodnik, MG Goebel, A Khan",2022,https://www.nature.com/articles/s41524-022-00924-2,B
THz-super-resolution generative adversarial network: deep-learning-based super-resolution imaging using terahertz time-domain spectroscopy,"P Zhu, Z Wei, S Sfarra, R Usamentiaga",2025,https://ieeexplore.ieee.org/abstract/document/11017374/,B
Compressive neural representations of volumetric scalar fields,"Y Lu, K Jiang, JA Levine, M Berger",2021,https://onlinelibrary.wiley.com/doi/abs/10.1111/cgf.14295,B
Foundation Model for Lossy Compression of Spatiotemporal Scientific Data,"X Li, J Lee, A Rangarajan, S Ranka",2025,https://link.springer.com/chapter/10.1007/978-981-96-8295-9_27,B
Joint super-resolution and segmentation for 1-m impervious surface area mapping in China's Yangtze river economic belt,"J Deng, D Hong, C Li, N Yokoya",2026,https://www.tandfonline.com/doi/abs/10.1080/15481603.2025.2610548,B
Gsr-net: Graph super-resolution network for predicting high-resolution from low-resolution functional brain connectomes,"M Isallari, I Rekik",2020,https://link.springer.com/chapter/10.1007/978-3-030-59861-7_15,B
Reconstructing higher-resolution four-dimensional time-varying volumetric data,"J Ma, J Chen",2023,https://www.tandfonline.com/doi/abs/10.1080/09540091.2023.2289837,B
SRaFTE: Super-Resolution and Future Time Extrapolation for Time-Dependent PDEs,"H Bassi, Y Zhu, E Ye, P Ren, A Dektor, HS Bhat",2025,https://arxiv.org/abs/2509.12220,B
HyperFLINT: Hypernetwork‐based Flow Estimation and Temporal Interpolation for Scientific Ensemble Visualization,"H Gadirov, Q Wu, D Bauer, KL Ma",2025,https://onlinelibrary.wiley.com/doi/abs/10.1111/cgf.70134,B
Fast neural representations for direct volume rendering,"S Weiss, P Hermüller",2022,https://onlinelibrary.wiley.com/doi/abs/10.1111/cgf.14578,B
CAESAR: A Unified Framework for Foundation and Generative Models for Efficient Compression of Scientific Data,"X Li, L Zhu, J Lee, R Sengupta, S Klasky, S Ranka",2025,https://www.mdpi.com/2076-3417/15/16/8977,B
Hyperinr: A fast and predictive hypernetwork for implicit neural representations via knowledge distillation,"Q Wu, D Bauer, Y Chen, KL Ma",2023,https://arxiv.org/abs/2304.04188,B
GSR-Net: Graph Super-Resolution Network for Predicting High-Resolution,"M Isallari, I Rekik",2020,https://books.google.com/books?hl=en&lr=&id=mbcAEAAAQBAJ&oi=fnd&pg=PA139&dq=%22scientific+data%22+super-resolution+scalar+field&ots=8w4jxz-kE4&sig=wRzTe9xvrUnN7IQdbTmtwo-D4U8,B
A study of data augmentation for learning-driven scientific visualization,"J Han, H Zheng, J Tao",2025,https://ieeexplore.ieee.org/abstract/document/11077756/,B
Real-Time Super Resolution Contextual Close-up of Clinical Volumetric Data,"TTMCSF Samavati, S Chan, JR Mitchell",NA,https://diglib.eg.org/bitstream/handle/10.2312/VisSym.EuroVis06.347-354/347-354.pdf?sequence=1&isAllowed=y,B
Spatio-temporal downscaling of climate data using convolutional and error-predicting neural networks,"A Serifi, T Günther, N Ban",2021,https://www.frontiersin.org/journals/climate/articles/10.3389/fclim.2021.656479/full,B
Visual Analytics for Large Scale Scientific Ensem-ble Datasets,"J Woodring, HW Shen, T Peterka",NA,http://edda-project.github.io/files/2019-07-29/report.pdf,B
ESRGAN-based visualization for large-scale volume data: C. Jiao et al.,"C Jiao, C Bi, L Yang, Z Wang, Z Xia, K Ono",2023,https://link.springer.com/article/10.1007/s12650-022-00891-2,B
OpenSR-SRGAN: A Flexible Super-Resolution Framework for Multispectral Earth Observation Data,"S Donike, C Aybar, J Contreras",2025,https://arxiv.org/abs/2511.10461,B
Flint: Learning-based flow estimation and temporal interpolation for scientific ensemble visualization,"H Gadirov, JBTM Roerdink",2025,https://ieeexplore.ieee.org/abstract/document/10965516/,B
Conditional neural field latent diffusion model for generating spatiotemporal turbulence,"P Du, MH Parikh, X Fan, XY Liu, JX Wang",2024,https://www.nature.com/articles/s41467-024-54712-1,B
Image super-resolution-based signal enhancement in bistatic ISAC,"Y Wang, K Zu, L Xiang, M Haardt, C Wang",2025,https://arxiv.org/abs/2507.09218,B
Rethinking Graph Super-resolution: Dual Frameworks for Topological Fidelity,"P Singh, I Rekik",2025,https://arxiv.org/abs/2511.08853,B
Accelerating Porous Media Flow Simulations With Fourier Neural Operators: An Application to Geologic Storage of CO2,"A Chandra, M Koch, S Pawar, A Panda",2026,https://advanced.onlinelibrary.wiley.com/doi/abs/10.1002/adts.202500747,B
AION-1: Omnimodal Foundation Model for Astronomical Sciences,"L Parker, F Lanusse, J Shen, O Liu, T Hehir",2025,https://arxiv.org/abs/2510.17960,B
Guaranteed Conditional Diffusion: 3D Block-based Models for Scientific Data Compression,"J Lee, X Li, L Zhu, S Ranka, A Rangarajan",2025,https://arxiv.org/abs/2502.12951,B
In situ compression artifact removal in scientific data using deep transfer learning and experience replay,"S Madireddy, J Hwan Park, S Lee",2021,https://iopscience.iop.org/article/10.1088/2632-2153/abc326/meta,B
"Scientific Data Representation, Reconstruction, and Inference using Machine Learning",J Shen,2024,https://search.proquest.com/openview/a1e1195aeec32b561fe179584c3560ed/1?pq-origsite=gscholar&cbl=18750&diss=y,B
Satellite image-based road segmentation assisted by multi-temporal super-resolution,S Paloniemi,2024,https://oulurepo.oulu.fi/handle/10024/51087,B
Precipitation downscaling with spatiotemporal video diffusion,"P Srivastava, R Yang, G Kerrigan",2024,https://proceedings.neurips.cc/paper_files/paper/2024/hash/669b0bb64ff9eff7a81a7858a54fe7a0-Abstract-Conference.html,B
A dataset of digital holograms of normal and thalassemic cells,"V Abbasian, A Darafsheh",2024,https://www.nature.com/articles/s41597-023-02818-4,B
Visual Analytics for Large Scale Scientific Simulations (FY 2019),"JL Woodring, HW Shen, T Peterka",2020,https://www.osti.gov/biblio/1583139,B
Development of AI-assisted microscopy frameworks through realistic simulation with pySTED,"A Bilodeau, A Michaud-Gagnon, J Chabbert",2024,https://www.nature.com/articles/s42256-024-00903-w,B
Exploratory lagrangian-based particle tracing using deep learning,"M Han, S Sane, CR Johnson",2022,"https://www.dl.begellhouse.com/journals/52b74bd3689ab10b,197ac1601136cd11,494ac9e91b77e1f5.html?utm_source=TrendMD&utm_medium=cpc&utm_campaign=Journal_of_Flow_Visualization_and_Image_Processing_TrendMD_0",B
Uncertainty-informed volume visualization using implicit neural representation,"S Saklani, C Goel, S Bansal, Z Wang",2024,https://ieeexplore.ieee.org/abstract/document/10750137/,B
Deep Learning for Scientific Data Representation and Generation,J Han,2022,https://search.proquest.com/openview/eac12a42e90b358d67db67d812477cc1/1?pq-origsite=gscholar&cbl=18750&diss=y,B
Adaptively placed multi-grid scene representation networks for large-scale data visualization,"SW Wurster, T Xiong, HW Shen, H Guo",2023,https://ieeexplore.ieee.org/abstract/document/10297599/,B
Contextual matching and aggregation network for MRI image super-resolution,A Muhammad,2024,https://digital.car.chula.ac.th/chulaetd/75055/,B
Machine Learning for Scientific Visualization: Ensemble Data Analysis,H Gadirov,2025,https://arxiv.org/abs/2511.23290,B
Supporting Ultra-High-Resolution Digital Agriculture Tasks with Fully Synthetic Curriculum Learning,"J Hatef, Q Anthony, N Alnaasan",2026,https://openaccess.thecvf.com/content/WACV2026W/HARVEST-Vision/html/Hatef_Supporting_Ultra-High-Resolution_Digital_Agriculture_Tasks_with_Fully_Synthetic_Curriculum_Learning_WACVW_2026_paper.html,B
voxel2vec: A natural language processing approach to learning distributed representations for scientific data,"X He, Y Tao, S Yang, H Dai",2022,https://ieeexplore.ieee.org/abstract/document/9817818/,B
Adaptive Neural Networks for Large Scale Scientific Data Visualization,SW Wurster,2024,https://search.proquest.com/openview/d281861f9404eefe9d739cfb49d46f50/1?pq-origsite=gscholar&cbl=18750&diss=y,B
A comparative study of convolutional neural network models for wind field downscaling,"K Höhlein, M Kern, T Hewson",2020,https://rmets.onlinelibrary.wiley.com/doi/abs/10.1002/met.1961,B
Structural Uncertainty Visualization of Morse Complexes for Time-Varying Data Prediction,"W Lyu, S Gupta, C Chen, B Wang",2025,https://ieeexplore.ieee.org/abstract/document/11298783/,B
Uncertainty-aware deep neural representations for visual analysis of vector field data,"A Kumar, S Garg, S Dutta",2024,https://ieeexplore.ieee.org/abstract/document/10669790/,B
A general framework for augmenting lossy compressors with topological guarantees,"N Gorski, X Liang, H Guo, L Yan",2025,https://ieeexplore.ieee.org/abstract/document/10989781/,B
Atomvision: A machine vision library for atomistic images,"K Choudhary, R Gurunathan, B DeCost",2023,https://pubs.acs.org/doi/abs/10.1021/acs.jcim.2c01533,B
Generative diffusion-based downscaling for climate,"RA Watt, LA Mansfield",2024,https://arxiv.org/abs/2404.17752,B
Image Quality Assessment Framework for Airfoil Simulation: A Comparative Analysis and Fine-Tuning of Perceptual Metrics,SK Nunemunthala,2025,https://repositorio-aberto.up.pt/bitstream/10216/169486/2/741734.pdf,B
Distribution free uncertainty quantification in neuroscience-inspired deep operators,"S Garg, S Chakraborty",2024,https://arxiv.org/abs/2412.09369,B
Chirality of malaria parasites determines their motion patterns,"L Lettermann, M Singer, S Steinbrück, F Ziebert",2026,https://www.nature.com/articles/s41567-025-03096-0,B
ViSNeRF: Efficient multidimensional neural radiance field representation for visualization synthesis of dynamic volumetric scenes,"S Yao, Y Lu, C Wang",2025,https://ieeexplore.ieee.org/abstract/document/11021069/,B
Scale-adaptive generative flows for multiscale scientific data,"Y Chen, E Vanden-Eijnden",2025,https://arxiv.org/abs/2509.02971,B
MC-INR: Efficient encoding of multivariate scientific simulation data using meta-learning and clustered implicit neural representations,"H Son, J Noh, S Jeon, C Wang",2025,https://ieeexplore.ieee.org/abstract/document/11298754/,B
High-Fidelity Compression of Seismic Velocity Models via SIREN Auto-Decoders,"C Liu, X Luo, J Xiong",2026,https://arxiv.org/abs/2603.14284,B
BHCast: Unlocking Black Hole Plasma Dynamics from a Single Blurry Image with Long-Term Forecasting,"R Tu, A SaraerToosi, NS Conroy",2026,https://arxiv.org/abs/2603.26777,B
Interactive volume visualization via multi-resolution hash encoding based neural representation,"Q Wu, D Bauer, MJ Doyle, KL Ma",2023,https://ieeexplore.ieee.org/abstract/document/10175377/,B
Neural fields for rapid aircraft aerodynamics simulations,"G Catalani, S Agarwal, X Bertrand, F Tost",2024,https://www.nature.com/articles/s41598-024-76983-w,B
Make the Fastest Faster: Importance Mask Synthesis for Interactive Volume Visualization using Reconstruction Neural Networks,"J Sun, D Lenz, H Yu, T Peterka",2025,https://ieeexplore.ieee.org/abstract/document/11202605/,B
Light sheet microscopy imaging dataset of CAR-T-cell-mediated cytotoxicity,"J Wang, J Jin, Y Fang, L Chen, P Fei",2026,https://www.nature.com/articles/s41597-026-06829-9,B
DCINR: A divide-and-conquer implicit neural representation for compressing time-varying volumetric data in hours,"J Han, F Yang",2025,https://ieeexplore.ieee.org/abstract/document/10976573/,B
Data-efficient operator learning via unsupervised pretraining and in-context learning,"W Chen, J Song, P Ren",2024,https://proceedings.neurips.cc/paper_files/paper/2024/hash/0bac492172db3311c7e116098cfcf521-Abstract-Conference.html,B
Downscaling Neural Network for Coastal Simulations,"ZS Liu, M Büttner, M Scarborough, E Valseth",2024,https://arxiv.org/abs/2408.16553,B
Context-aware implicit neural representations to compress Earth systems model data,"F Mostajeran, NM Pawar, JM Villarreal, SA Faroughi",2025,https://www.nature.com/articles/s41598-025-11092-w,B
Persistence optimization for data visualization,MA Kissi,2025,https://theses.hal.science/tel-05374398/,B
Gnn-surrogate: A hierarchical and adaptive graph neural network for parameter space exploration of unstructured-mesh ocean simulations,"N Shi, J Xu, SW Wurster, H Guo",2022,https://ieeexplore.ieee.org/abstract/document/9751203/,B
ScalarFlow: a large-scale volumetric data set of real-world scalar transport flows for computer animation and machine learning,"ML Eckert, K Um, N Thuerey",2019,https://dl.acm.org/doi/abs/10.1145/3355089.3356545,B
Lossy Compression of Scientific Data: Applications Constrains and Requirements,"F Cappello, A Baker, E Bozda, M Burtscher",2025,https://arxiv.org/abs/2503.20031,B
A survey on error-bounded lossy compression for scientific datasets,"S Di, J Liu, K Zhao, X Liang, R Underwood",2025,https://dl.acm.org/doi/abs/10.1145/3733104,B
REV-INR: Regularized Evidential Implicit Neural Representation for Uncertainty-Aware Volume Visualization,"S Saklani, TM Athawale, N Pal, D Pugmire",2026,https://arxiv.org/abs/2601.17689,B
MoE-INR: Implicit neural representation with mixture-of-experts for time-varying volumetric data compression,"J Han, K Tang, C Wang",2025,https://ieeexplore.ieee.org/abstract/document/11264349/,B
Physics-Informed Diffusion Models for Flame Temperature Field Reconstruction via Differentiable Physics Proxies,"Y Li, J Cheng, Y Zhao, P Song",2025,https://ieeexplore.ieee.org/abstract/document/11406700/,B
Attention based machine learning methods for data reduction with guaranteed error bounds,"X Li, J Lee, A Rangarajan",2024,https://ieeexplore.ieee.org/abstract/document/10825655/,B
AMGSRN++: Improved Adaptive SRN for Scientific Visualization,"SW Wurster, HW Shen",2025,https://ieeexplore.ieee.org/abstract/document/11021073/,B
LLMComp: A Language Modeling Paradigm for Error-Bounded Scientific Data Compression (Technical Report),"G Li, M Alhumaidi, S Skiadopoulos, P Kalnis",2025,https://arxiv.org/abs/2510.23632,B
"Position papers for the ASCR workshop on visualization for scientific discovery, decision-making, and communication","PT Bremer, G Tourassi, W Bethel, K Gaither",2021,https://www.osti.gov/biblio/1843572,B
ECNR: Efficient compressive neural representation of time-varying volumetric datasets,"K Tang, C Wang",2023,https://arxiv.org/abs/2311.12831,B
"HiDiver: a suite of methods to merge magnetic resonance histology, light sheet microscopy, and complete brain delineations","GA Johnson, Y Tian, GP Cofer, JC Cook, JC Gee",2022,https://www.biorxiv.org/content/10.1101/2022.02.10.479607.abstract,B
The future of coastal monitoring through satellite remote sensing,"S Vitousek, D Buscombe, K Vos, PL Barnard",2023,https://www.cambridge.org/core/journals/cambridge-prisms-coastal-futures/article/future-of-coastal-monitoring-through-satellite-remote-sensing/CEDC8CD6260C8FA6E10DD148AE50BF4E,B
Correlation-aware probabilistic data summarization for large-scale multi-block scientific data visualization,"Y Yang, K Lu, Y Wu, Y Wang",2023,https://ieeexplore.ieee.org/abstract/document/10897702/,B
V2V: A deep learning approach to variable-to-variable selection and translation for multivariate time-varying data,"J Han, H Zheng, Y Xing, DZ Chen",2020,https://ieeexplore.ieee.org/abstract/document/9230431/,B
Learning multiscale convolutional dictionaries for image reconstruction,"T Liu, A Chaman, D Belius",2022,https://ieeexplore.ieee.org/abstract/document/9775596/,B
In Situ Statistical Distribution-Based Data Summarization and Visual Analysis,"S Dutta, S Hazarika, HW Shen",2022,https://link.springer.com/chapter/10.1007/978-3-030-81627-8_4,B
High-Resolution Early Warning Systems Using DL: Part I-Elevation-Integrated Temperature and Precipitation SRGAN Downscaling (E-TEPS),"A Shafei, F Cioffi",2024,https://www.preprints.org/frontend/manuscript/416beacaf13c380e1f088b1acc9bc3f7/download_pub,B
Photon field networks for dynamic real-time volumetric global illumination,"D Bauer, Q Wu, KL Ma",2023,https://ieeexplore.ieee.org/abstract/document/10297590/,B
2022 review of data-driven plasma science,"R Anirudh, R Archibald, MS Asif",2023,https://ieeexplore.ieee.org/abstract/document/10214236/,B
A Prediction‐Traversal Approach for Compressing Scientific Data on Unstructured Meshes with Bounded Error,"C Ren, X Liang, H Guo",2024,https://onlinelibrary.wiley.com/doi/abs/10.1111/cgf.15097,B
AI-Driven Geometric Modeling and Analysis for Medical Imaging and Scientific Data,D An,2026,https://curate.nd.edu/articles/thesis/AI-Driven_Geometric_Modeling_and_Analysis_for_Medical_Imaging_and_Scientific_Data/31831444,B
ScalarGCN: scalar-value association analysis of volumes based on graph convolutional network,"X He, Y Tao, S Yang, C Chen, H Lin",2022,https://link.springer.com/article/10.1007/s12650-021-00779-7,B
IPComp: Interpolation Based Progressive Lossy Compression for Scientific Applications,"Z Yang, S Di, L Zhang, R Li, X Li, J Huang",2025,https://dl.acm.org/doi/abs/10.1145/3731545.3731578,B
Physics-Informed Active Learning via Functional Simulated Annealing for Neural Operator,"A Ding, S Wang, H Wang, R Xu, Y Deng",2025,https://epubs.siam.org/doi/abs/10.1137/1.9781611978933.14,B
LLMComp: A Language Modeling Paradigm for Error-Bounded Scientific Data Compression,"G Li, M Alhumaidi, S Skiadopoulos, P Kalnis",2025,https://repository.kaust.edu.sa/items/d83895ad-4fbe-434d-b506-2802b174b360,B
Statistical downscaling of SEVIRI land surface temperature to WRF near-surface air temperature using a deep learning model,"A Afshari, J Vogel, G Chockalingam",2023,https://www.mdpi.com/2072-4292/15/18/4447,B
Multimodal issues and key technologies in ocean observation data: A review,"J Nie, Z Zuo, X Liang, M Ye, N Song",2025,https://ieeexplore.ieee.org/abstract/document/11087684/,B
Mechanistic neural networks for scientific machine learning,"A Pervez, F Locatello, E Gavves",2024,https://arxiv.org/abs/2402.13077,B
Applications of physics informed neural operators,"SG Rosofsky, H Al Majed",2023,https://iopscience.iop.org/article/10.1088/2632-2153/acd168/meta,B
Model-based Visual Analytics of Big Data: Challenges and Opportunities,"S Dutta, D Banesh, LT Lo, R Bujack, D Rogers",NA,,B
Visual analysis of prediction uncertainty in neural networks for deep image synthesis,"S Dutta, F Nizar, A Amaan",2024,https://ieeexplore.ieee.org/abstract/document/10541088/,B
Shifting time: time-series forecasting with Khatri-Rao neural operators,"S Dama, K Course, PB Nair",2025,https://openreview.net/forum?id=emkdmORaj4,B
Efficient and portable distribution modeling for large-scale scientific data processing with data-parallel primitives,"HY Yang, ZR Lin, KC Wang",2021,https://www.mdpi.com/1999-4893/14/10/285,B
Tracking Structural Patterns in Early Brain Growth: an Automated Pipeline for Longitudinal Fetal and Neonatal MRI,"F Correnti, S Fiori, R Guerrini",2025,https://ieeexplore.ieee.org/abstract/document/11340175/,B
Fusion of multi-source precipitation records via coordinate-based generative models,"S Sun, C Nai, B Pan, W Li, L Li, X Li",2025,https://www.nature.com/articles/s41467-025-67987-9,B
VDL-Surrogate: A view-dependent latent-based model for parameter space exploration of ensemble simulations,"N Shi, J Xu, H Li, H Guo, J Woodring",2022,https://ieeexplore.ieee.org/abstract/document/9904429/,B
Source Identification: A Self-Supervision Task for Dense Prediction,"S Chen, S Kayal, M de Bruijne",2023,https://arxiv.org/abs/2307.02238,B
Generation of structurally realistic retinal fundus images with diffusion models,"S Go, Y Ji, SJ Park, S Lee",2024,https://openaccess.thecvf.com/content/CVPR2024W/DCAMI/html/Go_Generation_of_Structurally_Realistic_Retinal_Fundus_Images_with_Diffusion_Models_CVPRW_2024_paper.html,B
"On Scientific Foundation Models: Rigorous Definitions, Key Applications, and a Survey","SS Menon, T Mondal, S Brahmachary, A Panda",NA,https://papers.ssrn.com/sol3/papers.cfm?abstract_id=5409063,B
Measuring fine-grained urban air temperature with satellite imagery,"M Song, S Han, S Lee, D Ahn, J Kim",2025,https://ojs.aaai.org/index.php/AAAI/article/view/35061,B
Conditionally strongly log-concave generative models,"F Guth, E Lempereur, J Bruna",2023,https://proceedings.mlr.press/v202/guth23a.html,B
Enhancing operational wind downscaling capabilities over Canada: Application of a Conditional Wasserstein GAN methodology,"J Guevara, V Nascimento, J Schmude, D Salles",2024,https://arxiv.org/abs/2412.06958,B
Validation of the weak-lensing power spectrum and point-spread function residuals for Euclid,W Jingwei,2023,https://www.cosmostat.org/wp-content/uploads/2023/09/Internship_report_Jingwei_Wang.pdf,B
Hair and artifact removal in dermoscopic images using deep learning for enhanced skin cancer detection,"NG Hammouda, M Shalaby, RHC Alfilh, NSS Singh",2026,https://www.nature.com/articles/s41598-026-44545-x,B
Earth system data cubes: Avenues for advancing earth system research,"D Montero, G Kraemer, A Anghelea",2024,https://www.cambridge.org/core/journals/environmental-data-science/article/earth-system-data-cubes-avenues-for-advancing-earth-system-research/C49F497A29699C7A1A6A2830755CAA6D,B
Immersive analysis of multi-scalar field point clouds,AI Flach,2025,https://elib.uni-stuttgart.de/server/api/core/bitstreams/348ad329-b22b-46bc-8aa3-279a96b404fe/content,B
Data Engineering,"T Heinis, F Tauheed, M Pavlovic, A Ailamaki",NA,,B
Volseggs: Segmentation and tracking in dynamic volumetric scenes via deformable 3d gaussians,"S Yao, C Wang",2025,https://ieeexplore.ieee.org/abstract/document/11295944/,B
Gaussian Mixture Model-Based Splatting for Rapid Rendering and Time Series Analysis of Large-Scale Particle Data,"R Peng, G Li, Z Wang, Y Dong, T Zhang",2026,https://ieeexplore.ieee.org/abstract/document/11429167/,B
Neural implicit flow: a mesh-agnostic dimensionality reduction paradigm of spatio-temporal data,"S Pan, SL Brunton, JN Kutz",2023,http://www.jmlr.org/papers/v24/22-0365.html,B
Quality-control Normalization of Fluorescence Microscopy Morphometry and Colocalization Measurements for Improved Accuracy and Cross-instrument …,"J Oreopoulos, G Nelson, M Gastinger, CL Morrison",2025,https://www.biorxiv.org/content/10.1101/2025.10.09.681494.abstract,B
Boosting scientific error-bounded lossy compression through optimized synergistic lossy-lossless orchestration,"S Wu, J Pan, J Liu, J Tian, Z Qiu, J Huang",2025,https://dl.acm.org/doi/abs/10.1145/3712285.3759798,B
An overview of open source deep learning-based libraries for neuroscience,"LF Tshimanga, F Del Pup, M Corbetta, M Atzori",2023,https://www.mdpi.com/2076-3417/13/9/5472,B
FS-RWKV: Leveraging Frequency Spatial-Aware RWKV for 3T-to-7T MRI Translation,"Y Lei, Z Li, Y Liu, X Chen",2025,https://ieeexplore.ieee.org/abstract/document/11356228/,B
Flowbench: A large scale benchmark for flow simulation over complex geometries,"R Tali, A Rabeh, CH Yang, M Shadkhah",2024,https://arxiv.org/abs/2409.18032,B
Scalable Extraction and Visualization of Scientific Features with Load-Balanced Parallelism,J Xu,2021,https://search.proquest.com/openview/cb1b48dbb96f94d94024342e0d159816/1?pq-origsite=gscholar&cbl=18750&diss=y,B
UnrealVis: A Testing Laboratory of Optimization Techniques in Unreal Engine for Scientific Visualization,"M Filosa, A Nardocci, T Catarci, M Angelini",2026,https://arxiv.org/abs/2604.02980,B
ConfEviSurrogate: A Conformalized Evidential Surrogate Model for Uncertainty Quantification,"Y Duan, X Zhao, N Shi, HW Shen",2025,https://arxiv.org/abs/2504.02919,B
SciPro Arena: a Case Study of AI Agent Capabilities in Scientific Analysis Tasks,"WJ Gene, A Midha, J Tennyson, WL Chiang, I Stoica",NA,https://openreview.net/forum?id=ZU9O206WAr,B
Machine learning on neutron and x-ray scattering and spectroscopies,"Z Chen, N Andrejevic, NC Drucker, T Nguyen",2021,https://pubs.aip.org/aip/cpr/article/2/3/031301/138019,B
STeP: A Framework for Solving Scientific Video Inverse Problems with Spatiotemporal Diffusion Priors,"B Zhang, Z Wu, BT Feng, Y Song, Y Yue",2025,https://arxiv.org/abs/2504.07549,B
[Short] Towards Large-Scale Heterogeneous Data Organization for Scientific Foundation Models: A Nuclear Fusion Case Study,"N Chen, K Bouchiat, P Steiner, A Jalalvand, SK Kim",NA,https://openreview.net/forum?id=dJX9Eu3LEI,B
EXaCTz: Guaranteed Extremum Graph and Contour Tree Preservation for Distributed-and GPU-Parallel Lossy Compression,"Y Li, M Xia, X Liang, B Wang, H Guo",2026,https://arxiv.org/abs/2604.01397,B
Fast Single-Layer Reconstruction for Three-Dimensional Structured Illumination Microscopy,"M Lei, ZJ Wang, T Zhao, Y Liang, S Wang",NA,https://papers.ssrn.com/sol3/papers.cfm?abstract_id=4174217,B
Scalable 3D reconstruction for X-ray single particle imaging with online machine learning,"J Shenoy, A Levy, K Ayyer, F Poitevin",2025,https://www.nature.com/articles/s41467-025-62226-7,B
Constructing and Assessing Surrogates for Volume Visualization Using Neural Networks,K Jiang,2022,https://search.proquest.com/openview/45e11ee603a7c9c07744cf02fe33f610/1?pq-origsite=gscholar&cbl=18750&diss=y,B
ParamsDrag: Interactive Parameter Space Exploration via Image-Space Dragging,"G Li, Y Liu, G Shan, S Cheng, W Cao",2024,https://ieeexplore.ieee.org/abstract/document/10669762/,B
Topology Guidance: Controlling the Outputs of Generative Models via Vector Field Topology,"X Wang, M Berger",2025,https://arxiv.org/abs/2505.06804,B
Smooth velocity fields for tracking climate change,"I Gaponenko, G Rohat, S Goyette, P Paruch",2022,https://www.nature.com/articles/s41598-022-07056-z,B
Classification of rock thin section lmages based on SENet-ConvNeXt-FL,"F Dong, K Li, Z Sun, C Zhou, D Zhang, D Ren",2025,https://link.springer.com/article/10.1007/s13146-025-01140-x,B
Human Visual Transduction Mechanism-Inspired Adaptive Enhancement Network during Endoscopy,"X Ren, W Zhou, M Jin, W Liang",2025,https://ieeexplore.ieee.org/abstract/document/11106676/,B
Coronary Artery Segmentation and Vessel-Type Classification in X-Ray Angiography,"M Yousefzadeh, SS Barough, A Fakharifar",2026,https://arxiv.org/abs/2601.17429,B
Physical Constraints-Aware Machine Learning Models for Vascular Image Analysis,S Shit,2023,https://mediatum.ub.tum.de/1694738,B
Enhancing PM2.5 exposure assessment across China with a novel urban–rural balanced estimation framework,"Y Ding, S Li, J Xing, J Dong, J Yang, W Ni",2026,https://www.tandfonline.com/doi/abs/10.1080/10095020.2026.2624335,B
Applications in Energy and Combustion Science BLASTNet: A Call for Community-Involved Big Data in Combustion Machine Learning.,"WT Chung, K Jung, J Chen, M Ihme",2022,https://www.osti.gov/servlets/purl/2004128,B
Machine Learning Difference Charge Density,"X Li, LL Hong, Y Chen, H Xiang",2025,https://arxiv.org/abs/2510.00788,B
Composite bayesian optimization in function spaces using neon—neural epistemic operator networks,"LF Guilhoto, P Perdikaris",2024,https://www.nature.com/articles/s41598-024-79621-7,B
Machine learning techniques for data reduction of cfd applications,"J Lee, KS Jung, Q Gong, X Li, S Klasky, J Chen",2024,https://arxiv.org/abs/2404.18063,B
Clean implicit 3D structure from noisy 2D STEM images,"H Kniesel, T Ropinski, T Bergner",2022,http://openaccess.thecvf.com/content/CVPR2022/html/Kniesel_Clean_Implicit_3D_Structure_From_Noisy_2D_STEM_Images_CVPR_2022_paper.html,B
Summary of the 2nd conference on Foundation Models and AI Agents for Science,"V Kocevski, K Duraisamy",2025,https://deepblue.lib.umich.edu/bitstreams/34276360-0ff0-4f86-89e6-d67048462fa0/download,B
Visualization at exascale: Making it all work with VTK-m,"K Moreland, TM Athawale, V Bolea",2024,https://journals.sagepub.com/doi/abs/10.1177/10943420241270969,B
GenBrain: A Generative Foundation Model of Multimodal Brain Imaging,"C Yang, J Feng, CF Beckmann, SM Smith, W Gong",2025,https://www.medrxiv.org/content/10.64898/2025.12.19.25342614.abstract,B
ParaView-MCP: An autonomous visualization agent with direct tool use,"S Liu, H Miao, PT Bremer",2025,https://ieeexplore.ieee.org/abstract/document/11298840/,B
Deep learning for predicting wave parameters from wind components in the Adriatic basin,CR Lendering,NA,,B
Embedding physics into deep learning for modeling spatiotemporal systems,P Ren,2022,https://search.proquest.com/openview/425e1bda0b1c23d1f1997bf4c5d2497f/1?pq-origsite=gscholar&cbl=18750&diss=y,B
aPriori: a Python package to process direct numerical simulations,"L Piu, H Pitsch, A Parente",2026,https://arxiv.org/abs/2603.24363,B
M-Gaussian: An Magnetic Gaussian Framework for Efficient Multi-Stack MRI Reconstruction,"K Zheng, X Cai, J Wang, G Fu, Z Li, Y Chen",2026,https://arxiv.org/abs/2603.00145,B
Accelerated Depth Computation for Surface Boxplots with Deep Learning,"M Han, TM Athawale, J Li",2024,https://ieeexplore.ieee.org/abstract/document/10750129/,B
Ultrafast laser filamentation classification and analysis via neural networks,"JA Grant-Jacob, B Mills",2026,https://iopscience.iop.org/article/10.1088/2515-7647/ae42a6/meta,B
"Scientific software development in the AI era: reproducibility, MLOps, and applications in soft matter physics",N Cheimarios,2025,https://www.frontiersin.org/journals/physics/articles/10.3389/fphy.2025.1711356/full,B
Hybrid Quantum-Classical Machine Learning for Canonical Fluid Dynamics and Heat Transfer Problems,A Bazgir,2024,https://search.proquest.com/openview/62b563122c7e7f2c2f579f3d172a6766/1?pq-origsite=gscholar&cbl=18750&diss=y,B
Physics-Informed Neural Compression of High-Dimensional Plasma Data,"G Galletti, G Gutenbrunner, SS Cranganore",2026,https://arxiv.org/abs/2602.04758,B
Neural network methods for radiation detectors and imaging,"S Lin, S Ning, H Zhu, T Zhou, CL Morris",2024,https://www.frontiersin.org/journals/physics/articles/10.3389/fphy.2024.1334298/full,B
DeepCQ: General-Purpose Deep-Surrogate Framework for Lossy Compression Quality Prediction,"KM Mumenin, R Underwood, D Dai, J Wang",2025,https://arxiv.org/abs/2512.21433,B
Deep generative models in echocardiography: a scoping review of trends and future perspectives,"Y Malagila Raphael, P Monkam, S Qi",2026,https://iopscience.iop.org/article/10.1088/1361-6501/ae319b/meta,B
"Artificial intelligence for materials discovery, development, and optimization","B Madika, A Saha, C Kang, B Buyantogtokh, J Agar",2025,https://pubs.acs.org/doi/abs/10.1021/acsnano.5c04200,B
"Seamless mapping of long-term (2010–2020) daily global XCO2 and XCH4 from the Greenhouse Gases Observing Satellite (GOSAT), Orbiting Carbon …","Y Wang, Q Yuan, T Li, Y Yang, S Zhou",2023,https://essd.copernicus.org/articles/15/3597/2023/essd-15-3597-2023.html,B
Dual-Comb Ghost Imaging with Transformer-Based Reconstruction for Optical Fiber Endomicroscopy,"D Dang, MG Suh, M Gao, BJ Park, B Hu, Y Jin",NA,https://openreview.net/forum?id=9nlTapr2sd,B
Distribution-based Summarization for Large Scale Simulation Data Visualization and Analysis,KC Wang,2019,https://search.proquest.com/openview/2e8de91f80763c7cf044c341776d626a/1?pq-origsite=gscholar&cbl=18750&diss=y,B
DAWN-FM: Data-aware and noise-informed flow matching for solving inverse problems,"S Ahamed, E Haber",2024,https://arxiv.org/abs/2412.04766,B
A Framework for Surface Scanning to Additive Repairing Using Point Cloud Data and Surface Reconstruction Algorithms,"RU Ahmed, I Nabi, CS Alam",2024,https://asmedigitalcollection.asme.org/IMECE/proceedings-abstract/IMECE2024/88681/1212173,B
Exploring generative artificial intelligence and data augmentation techniques for spectroscopy analysis,"AR Flanagan, D Dalal, FG Glavin",2025,https://pubs.acs.org/doi/abs/10.1021/acs.chemrev.4c00815,B
Inpainting galactic foreground intensity and polarization maps using convolutional neural networks,"G Puglisi, X Bai",2020,https://iopscience.iop.org/article/10.3847/1538-4357/abc47c/meta,B
Development of a generalizable data-driven turbulence model: Conditioned field inversion and symbolic regression,"C Wu, S Zhang, Y Zhang",2025,https://arc.aiaa.org/doi/abs/10.2514/1.J064416,B
Resolution of Inverse Problems in Astrophysics through Deep Learning,MD Veneri,NA,http://www.fedoa.unina.it/14627/1/DelliVeneri_Michele_XXXV.pdf,B
"Advanced research directions on ai for science, energy, and security: Report on summer 2022 workshops","J Carter, J Feddema, D Kothe, R Neely, J Pruet",2023,https://www.osti.gov/biblio/1986455,B
Research Article Fiber Visualization with LIC Maps Using Multidirectional Anisotropic Glyph Samples,"M Höller, KM Otto, U Klose, S Groeschel, HH Ehricke",NA,https://www.academia.edu/download/39433047/Fiber_Visualization_with_LIC_Maps_Using_20151026-5580-wqt93c.pdf,B
Using AI for Radio (Big) Data,"J Gawlikowski, G Kasieczka, G Segal",2024,https://books.google.com/books?hl=en&lr=&id=_bUvEQAAQBAJ&oi=fnd&pg=PA251&dq=%22scientific+data%22+super-resolution+scalar+field&ots=zftB6jC99z&sig=JXEBNK-40MgkNyGFckHBdHEjDW8,B
Network-based Mathematical Modeling in Cell and Developmental Biology,"S Mertins, M Blinov",2024,https://books.google.com/books?hl=en&lr=&id=yq0bEQAAQBAJ&oi=fnd&pg=PP1&dq=%22scientific+data%22+super-resolution+scalar+field&ots=F5qVutVrXv&sig=50qwjGtiyEVQ2pNl76UGg4xBIKs,B
The analysis of generative adversarial network in sports education based on deep learning,"E Eerdenisuyila, H Li, W Chen",2024,https://www.nature.com/articles/s41598-024-81107-5,B
"Digital rocks portal (digital porous media): connecting data, simulation and community","M Prodanović, M Esteva, J McClure",2023,https://www.e3s-conferences.org/articles/e3sconf/abs/2023/04/e3sconf_sca2022_01010/e3sconf_sca2022_01010.html,B
Generative Modeling for Inverse Problems in Materials Science,M Buzzy,2025,https://search.proquest.com/openview/55f4045d5f34a50e7f1fe009ba90185d/1?pq-origsite=gscholar&cbl=18750&diss=y,B
Universal differential equations for glacier ice flow modelling,"J Bolibar, F Sapienza, F Maussion",2023,https://gmd.copernicus.org/articles/16/6671/2023/,B
Self-Supervised Temporal Reconstruction of Subhourly Climate Records since 1806,"L Wang, Q Li, Z Zhou, B Pan, X Li, L Zhao, S Li, X Peng",2025,https://www.researchsquare.com/article/rs-8341528/latest,B
Downscaling Satellite Gravimetry Observation for Terrestrial Hydrology Using a Conditional Generative Adversarial Network,"F Hassanibesheli, L Jensen, H Dobslaw",2024,https://essopenarchive.org/doi/full/10.22541/essoar.172493940.07693855,B
Enhancing Materials Microstructure Analysis With Physics-Informed Computer Vision,DK Jangid,2024,https://search.proquest.com/openview/c808722c8d43a997b20a4653a4364d9c/1?pq-origsite=gscholar&cbl=18750&diss=y,B
SpecSwin3D: Generating Hyperspectral Imagery from Multispectral Data via Transformer Networks and Curriculum-Based Cascade Training,"T Sui, S Yang, Q Huang",2026,https://ieeexplore.ieee.org/abstract/document/11382013/,B
Dimensionality reduction methods for brain imaging data analysis,"Y Tang, D Chen, X Li",2021,https://dl.acm.org/doi/abs/10.1145/3448302,B
"From 2D to 3D, Deep Learning-based Shape Reconstruction in Magnetic Resonance Imaging: A Review","E McMillian, A Banerjee, A Bueno-Orovio",2025,https://arxiv.org/abs/2510.01296,B
Random weight factorization improves the training of continuous neural representations,"S Wang, H Wang, JH Seidman, P Perdikaris",2022,https://arxiv.org/abs/2210.01274,B
E (3) x so (3)-equivariant networks for spherical deconvolution in diffusion mri,"A Elaldi, G Gerig, N Dey",2024,https://proceedings.mlr.press/v227/elaldi24a.html,B
Modeling net primary productivity of wetland with a satellite-based light use efficiency model,M Zhang,2022,https://www.tandfonline.com/doi/abs/10.1080/10106049.2021.1886343,B
Mathematical Imaging and Surface Processing,"M Ben-Chen, A Chambolle, B Wirth",2025,https://ems.press/journals/owr/articles/14299090,B
A new periocular dataset collected by mobile devices in unconstrained scenarios,"LA Zanlorensi, R Laroca, DR Lucio, LR Santos",2022,https://www.nature.com/articles/s41598-022-22811-y,B
Infrared image quality evaluation: Benchmark database and computational model,"K Gu, H Liu, Y Gao, Y Liu, J Qiao",2025,https://ieeexplore.ieee.org/abstract/document/10919170/,B
Tfg: Unified training-free guidance for diffusion models,"H Ye, H Lin, J Han, M Xu, S Liu",2024,https://proceedings.neurips.cc/paper_files/paper/2024/hash/2818054fc6de6dacdda0f142a3475933-Abstract-Conference.html,B
A Review of Diffusion-based Simulation-Based Inference: Foundations and Applications in Non-Ideal Data Scenarios,"H Rosso, T Mayo",2025,https://arxiv.org/abs/2512.23748,B
Dynamical Implicit Neural Representations,"Y Park, K Kan, T Flynn, Y Huang, S Yoo",2025,https://arxiv.org/abs/2511.21787,B
Scalable Deep Learning for Remote Sensing with High Performance Computing,R Sedona,2023,https://opinvisindi.is/items/4ca73242-17eb-4690-9d98-c35dec4d3431,B
"AI for Scientists: Accelerating Discovery Through Knowledge, Data, and Learning",JJ Sun,2024,https://search.proquest.com/openview/79917608ff902ee1109020f7914812b8/1?pq-origsite=gscholar&cbl=18750&diss=y,B
"The Good, the Bad, & the Ugly: Towards Determining the Credibility of Downscaling Methods & Their Projections","MS Bukovsky, SA McGinnis, RR McCrary",2024,https://essopenarchive.org/doi/full/10.22541/essoar.172748765.53624430,B
Continuous CNN for nonuniform time series,"H Shi, Y Zhang, H Wu, S Chang, K Qian",2021,https://ieeexplore.ieee.org/abstract/document/9414318/,B
Good things come in pairs: paired autoencoders for inverse problems,"M Chung, B Peters, M Solomon",2025,https://arxiv.org/abs/2505.06549,B
Visualization Laboratory at University of Notre Dame,C Wang,2020,https://www.sciencedirect.com/science/article/pii/S2468502X20300310,B
Computational Hyperspectral Microscopy for Bioimaging,N Aggarwal,2025,https://search.proquest.com/openview/1579741e5515c6fc95cbdca0f9256002/1?pq-origsite=gscholar&cbl=18750&diss=y,B
Uncertainty visualization challenges in decision systems with ensemble data & surrogate models,"S Molnar, JD Laurence-Chasen, Y Duan",2024,https://ieeexplore.ieee.org/abstract/document/10750132/,B
A comprehensive survey on multimodal computer vision (CV)-assisted corrosion assessment and corrosion prediction,"X Yao, Y Wu, G Xie, DY Zhao",2025,https://journals.sagepub.com/doi/abs/10.1177/1478422X251387524,B
Nonlinear Transformed Low-Rank Quaternion Tensor Total Variation for Multidimensional Color Image Completion,"L Yang, Y Hu, TX Jiang, Y Wei, G Liu",2026,https://ieeexplore.ieee.org/abstract/document/11421614/,B
Toward Robust Artificial Intelligence for Scientific Applications and Discoveries,F Lin,2024,https://search.proquest.com/openview/c5ee715407ad76ad069cf4cc0f4ec2db/1?pq-origsite=gscholar&cbl=18750&diss=y,B
Nli4volvis: Natural language interaction for volume visualization via llm multi-agents and editable 3d gaussian splatting,"K Ai, K Tang, C Wang",2025,https://ieeexplore.ieee.org/abstract/document/11264350/,B
Learning from structured data with weak supervision,H Wang,2023,https://www.repository.cam.ac.uk/items/18d0d4e9-c999-403f-9d4b-6095e348234d,B
Optimizing YOLOv11 for automated classification of breast cancer in medical images,"T Abd El-Hafeez, M Tarek, A Sayed",2025,https://www.nature.com/articles/s41598-025-24850-7,B
