figure_id,panel_order,panel_group,panel_type,method_id,source_path,final_visible_status
1,1,scripted_per_method,speed_fields,GT,ttk_runs_fixed/unified_candidate_analysis/phase2db/panels/figure_01_global_disagreement/speed_fields_GT.png,visible
1,2,scripted_per_method,speed_fields,cnn,ttk_runs_fixed/unified_candidate_analysis/phase2db/panels/figure_01_global_disagreement/speed_fields_cnn.png,visible
1,3,scripted_per_method,speed_fields,gan,ttk_runs_fixed/unified_candidate_analysis/phase2db/panels/figure_01_global_disagreement/speed_fields_gan.png,visible
1,4,scripted_per_method,speed_fields,candidate_c,ttk_runs_fixed/unified_candidate_analysis/phase2db/panels/figure_01_global_disagreement/speed_fields_candidate_c.png,visible
1,5,scripted_per_method,speed_fields,f3_grad_crit,ttk_runs_fixed/unified_candidate_analysis/phase2db/panels/figure_01_global_disagreement/speed_fields_f3_grad_crit.png,visible
1,6,scripted_per_method,speed_fields,f2_grad_levelset_e2,ttk_runs_fixed/unified_candidate_analysis/phase2db/panels/figure_01_global_disagreement/speed_fields_f2_grad_levelset_e2.png,visible
1,7,scripted_per_method,speed_fields,uv_e2,ttk_runs_fixed/unified_candidate_analysis/phase2db/panels/figure_01_global_disagreement/speed_fields_uv_e2.png,visible
1,8,scripted_per_method,error_maps,cnn,ttk_runs_fixed/unified_candidate_analysis/phase2db/panels/figure_01_global_disagreement/error_maps_cnn.png,visible
1,9,scripted_per_method,error_maps,gan,ttk_runs_fixed/unified_candidate_analysis/phase2db/panels/figure_01_global_disagreement/error_maps_gan.png,visible
1,10,scripted_per_method,error_maps,candidate_c,ttk_runs_fixed/unified_candidate_analysis/phase2db/panels/figure_01_global_disagreement/error_maps_candidate_c.png,visible
1,11,scripted_per_method,error_maps,f3_grad_crit,ttk_runs_fixed/unified_candidate_analysis/phase2db/panels/figure_01_global_disagreement/error_maps_f3_grad_crit.png,visible
1,12,scripted_per_method,error_maps,f2_grad_levelset_e2,ttk_runs_fixed/unified_candidate_analysis/phase2db/panels/figure_01_global_disagreement/error_maps_f2_grad_levelset_e2.png,visible
1,13,scripted_per_method,error_maps,uv_e2,ttk_runs_fixed/unified_candidate_analysis/phase2db/panels/figure_01_global_disagreement/error_maps_uv_e2.png,visible
1,14,scripted_figure_level,metric_strip,,ttk_runs_fixed/unified_candidate_analysis/phase2db/panels/figure_01_global_disagreement/metric_strip.png,visible
1,15,pd_coordinate,pd_evidence,GT,ttk_runs_fixed/unified_candidate_analysis/phase2db/panels/figure_01_global_disagreement/pd_evidence_GT.png,visible
1,16,pd_scalar_fallback,pd_evidence,cnn,ttk_runs_fixed/unified_candidate_analysis/phase2db/panels/figure_01_global_disagreement/pd_evidence_scalar_fallback.png,scalar_fallback
1,17,pd_scalar_fallback,pd_evidence,gan,ttk_runs_fixed/unified_candidate_analysis/phase2db/panels/figure_01_global_disagreement/pd_evidence_scalar_fallback.png,scalar_fallback
1,18,pd_coordinate,pd_evidence,candidate_c,ttk_runs_fixed/unified_candidate_analysis/phase2db/panels/figure_01_global_disagreement/pd_evidence_candidate_c.png,visible
1,19,pd_coordinate,pd_evidence,f3_grad_crit,ttk_runs_fixed/unified_candidate_analysis/phase2db/panels/figure_01_global_disagreement/pd_evidence_f3_grad_crit.png,visible
1,20,pd_coordinate,pd_evidence,f2_grad_levelset_e2,ttk_runs_fixed/unified_candidate_analysis/phase2db/panels/figure_01_global_disagreement/pd_evidence_f2_grad_levelset_e2.png,visible
1,21,pd_coordinate,pd_evidence,uv_e2,ttk_runs_fixed/unified_candidate_analysis/phase2db/panels/figure_01_global_disagreement/pd_evidence_uv_e2.png,visible
1,22,manual_topology,mt_evidence,GT,ttk_runs_fixed/unified_candidate_analysis/phase2db/manual_topology_inputs/figure_01/GT_mt.png,visible
1,23,manual_topology,mt_evidence,cnn,ttk_runs_fixed/unified_candidate_analysis/phase2db/manual_topology_inputs/figure_01/cnn_mt.png,visible
1,24,manual_topology,mt_evidence,gan,ttk_runs_fixed/unified_candidate_analysis/phase2db/manual_topology_inputs/figure_01/gan_mt.png,visible
1,25,manual_topology,mt_evidence,candidate_c,ttk_runs_fixed/unified_candidate_analysis/phase2db/manual_topology_inputs/figure_01/candidate_c_mt.png,visible
1,26,manual_topology,mt_evidence,f3_grad_crit,ttk_runs_fixed/unified_candidate_analysis/phase2db/manual_topology_inputs/figure_01/f3_grad_crit_mt.png,visible
1,27,manual_topology,mt_evidence,f2_grad_levelset_e2,ttk_runs_fixed/unified_candidate_analysis/phase2db/manual_topology_inputs/figure_01/f2_grad_levelset_e2_mt.png,visible
1,28,manual_topology,mt_evidence,uv_e2,ttk_runs_fixed/unified_candidate_analysis/phase2db/manual_topology_inputs/figure_01/uv_e2_mt.png,visible
2,1,scripted_per_method,speed_fields,GT,ttk_runs_fixed/unified_candidate_analysis/phase2db/panels/figure_02_gan_cnn_conflict/speed_fields_GT.png,visible
2,2,scripted_per_method,speed_fields,bicubic,ttk_runs_fixed/unified_candidate_analysis/phase2db/panels/figure_02_gan_cnn_conflict/speed_fields_bicubic.png,visible
2,3,scripted_per_method,speed_fields,cnn,ttk_runs_fixed/unified_candidate_analysis/phase2db/panels/figure_02_gan_cnn_conflict/speed_fields_cnn.png,visible
2,4,scripted_per_method,speed_fields,gan,ttk_runs_fixed/unified_candidate_analysis/phase2db/panels/figure_02_gan_cnn_conflict/speed_fields_gan.png,visible
2,5,scripted_per_method,error_maps,bicubic,ttk_runs_fixed/unified_candidate_analysis/phase2db/panels/figure_02_gan_cnn_conflict/error_maps_bicubic.png,visible
2,6,scripted_per_method,error_maps,cnn,ttk_runs_fixed/unified_candidate_analysis/phase2db/panels/figure_02_gan_cnn_conflict/error_maps_cnn.png,visible
2,7,scripted_per_method,error_maps,gan,ttk_runs_fixed/unified_candidate_analysis/phase2db/panels/figure_02_gan_cnn_conflict/error_maps_gan.png,visible
2,8,pd_coordinate,pd_comparison,GT,ttk_runs_fixed/unified_candidate_analysis/phase2db/panels/figure_02_gan_cnn_conflict/pd_comparison_GT.png,visible
2,9,pd_scalar_fallback,pd_comparison,bicubic,ttk_runs_fixed/unified_candidate_analysis/phase2db/panels/figure_02_gan_cnn_conflict/pd_comparison_scalar_fallback.png,scalar_fallback
2,10,pd_scalar_fallback,pd_comparison,cnn,ttk_runs_fixed/unified_candidate_analysis/phase2db/panels/figure_02_gan_cnn_conflict/pd_comparison_scalar_fallback.png,scalar_fallback
2,11,pd_scalar_fallback,pd_comparison,gan,ttk_runs_fixed/unified_candidate_analysis/phase2db/panels/figure_02_gan_cnn_conflict/pd_comparison_scalar_fallback.png,scalar_fallback
2,12,manual_topology,mt_comparison,GT,ttk_runs_fixed/unified_candidate_analysis/phase2db/manual_topology_inputs/figure_02/GT_mt.png,visible
2,13,manual_topology,mt_comparison,bicubic,ttk_runs_fixed/unified_candidate_analysis/phase2db/manual_topology_inputs/figure_02/bicubic_mt.png,visible
2,14,manual_topology,mt_comparison,cnn,ttk_runs_fixed/unified_candidate_analysis/phase2db/manual_topology_inputs/figure_02/cnn_mt.png,visible
2,15,manual_topology,mt_comparison,gan,ttk_runs_fixed/unified_candidate_analysis/phase2db/manual_topology_inputs/figure_02/gan_mt.png,visible
2,16,scripted_figure_level,metric_strip,,ttk_runs_fixed/unified_candidate_analysis/phase2db/panels/figure_02_gan_cnn_conflict/metric_strip.png,visible
3,1,scripted_per_method,speed_fields,GT,ttk_runs_fixed/unified_candidate_analysis/phase2db/panels/figure_03_f3_uv_e2_tradeoff/speed_fields_GT.png,visible
3,2,scripted_per_method,speed_fields,cnn,ttk_runs_fixed/unified_candidate_analysis/phase2db/panels/figure_03_f3_uv_e2_tradeoff/speed_fields_cnn.png,visible
3,3,scripted_per_method,speed_fields,f3_grad_crit,ttk_runs_fixed/unified_candidate_analysis/phase2db/panels/figure_03_f3_uv_e2_tradeoff/speed_fields_f3_grad_crit.png,visible
3,4,scripted_per_method,speed_fields,uv_e2,ttk_runs_fixed/unified_candidate_analysis/phase2db/panels/figure_03_f3_uv_e2_tradeoff/speed_fields_uv_e2.png,visible
3,5,scripted_per_method,error_maps,cnn,ttk_runs_fixed/unified_candidate_analysis/phase2db/panels/figure_03_f3_uv_e2_tradeoff/error_maps_cnn.png,visible
3,6,scripted_per_method,error_maps,f3_grad_crit,ttk_runs_fixed/unified_candidate_analysis/phase2db/panels/figure_03_f3_uv_e2_tradeoff/error_maps_f3_grad_crit.png,visible
3,7,scripted_per_method,error_maps,uv_e2,ttk_runs_fixed/unified_candidate_analysis/phase2db/panels/figure_03_f3_uv_e2_tradeoff/error_maps_uv_e2.png,visible
3,8,pd_coordinate,pd_evidence,GT,ttk_runs_fixed/unified_candidate_analysis/phase2db/panels/figure_03_f3_uv_e2_tradeoff/pd_evidence_GT.png,visible
3,9,pd_scalar_fallback,pd_evidence,cnn,ttk_runs_fixed/unified_candidate_analysis/phase2db/panels/figure_03_f3_uv_e2_tradeoff/pd_evidence_scalar_fallback.png,scalar_fallback
3,10,pd_coordinate,pd_evidence,f3_grad_crit,ttk_runs_fixed/unified_candidate_analysis/phase2db/panels/figure_03_f3_uv_e2_tradeoff/pd_evidence_f3_grad_crit.png,visible
3,11,pd_coordinate,pd_evidence,uv_e2,ttk_runs_fixed/unified_candidate_analysis/phase2db/panels/figure_03_f3_uv_e2_tradeoff/pd_evidence_uv_e2.png,visible
3,12,manual_topology,mt_evidence,GT,ttk_runs_fixed/unified_candidate_analysis/phase2db/manual_topology_inputs/figure_03/GT_mt.png,visible
3,13,manual_topology,mt_evidence,cnn,ttk_runs_fixed/unified_candidate_analysis/phase2db/manual_topology_inputs/figure_03/cnn_mt.png,visible
3,14,manual_topology,mt_evidence,f3_grad_crit,ttk_runs_fixed/unified_candidate_analysis/phase2db/manual_topology_inputs/figure_03/f3_grad_crit_mt.png,visible
3,15,manual_topology,mt_evidence,uv_e2,ttk_runs_fixed/unified_candidate_analysis/phase2db/manual_topology_inputs/figure_03/uv_e2_mt.png,visible
3,16,scripted_figure_level,zoom_crop,,ttk_runs_fixed/unified_candidate_analysis/phase2db/panels/figure_03_f3_uv_e2_tradeoff/zoom_crop.png,visible
3,17,scripted_figure_level,metric_strip,,ttk_runs_fixed/unified_candidate_analysis/phase2db/panels/figure_03_f3_uv_e2_tradeoff/metric_strip.png,visible
4,1,scripted_per_method,speed_fields,GT,ttk_runs_fixed/unified_candidate_analysis/phase2db/panels/figure_04_f2_balanced/speed_fields_GT.png,visible
4,2,scripted_per_method,speed_fields,cnn,ttk_runs_fixed/unified_candidate_analysis/phase2db/panels/figure_04_f2_balanced/speed_fields_cnn.png,visible
4,3,scripted_per_method,speed_fields,f3_grad_crit,ttk_runs_fixed/unified_candidate_analysis/phase2db/panels/figure_04_f2_balanced/speed_fields_f3_grad_crit.png,visible
4,4,scripted_per_method,speed_fields,f2_grad_levelset_e2,ttk_runs_fixed/unified_candidate_analysis/phase2db/panels/figure_04_f2_balanced/speed_fields_f2_grad_levelset_e2.png,visible
4,5,scripted_per_method,speed_fields,uv_e2,ttk_runs_fixed/unified_candidate_analysis/phase2db/panels/figure_04_f2_balanced/speed_fields_uv_e2.png,visible
4,6,scripted_per_method,error_maps,cnn,ttk_runs_fixed/unified_candidate_analysis/phase2db/panels/figure_04_f2_balanced/error_maps_cnn.png,visible
4,7,scripted_per_method,error_maps,f3_grad_crit,ttk_runs_fixed/unified_candidate_analysis/phase2db/panels/figure_04_f2_balanced/error_maps_f3_grad_crit.png,visible
4,8,scripted_per_method,error_maps,f2_grad_levelset_e2,ttk_runs_fixed/unified_candidate_analysis/phase2db/panels/figure_04_f2_balanced/error_maps_f2_grad_levelset_e2.png,visible
4,9,scripted_per_method,error_maps,uv_e2,ttk_runs_fixed/unified_candidate_analysis/phase2db/panels/figure_04_f2_balanced/error_maps_uv_e2.png,visible
4,10,scripted_figure_level,pd_mt_tradeoff_compact,,ttk_runs_fixed/unified_candidate_analysis/phase2db/panels/figure_04_f2_balanced/pd_mt_tradeoff_compact.png,visible
4,11,scripted_figure_level,metric_strip,,ttk_runs_fixed/unified_candidate_analysis/phase2db/panels/figure_04_f2_balanced/metric_strip.png,visible
5,1,scripted_per_method,speed_fields,GT,ttk_runs_fixed/unified_candidate_analysis/phase2db/panels/figure_05_candidate_c_continuity/speed_fields_GT.png,visible
5,2,scripted_per_method,speed_fields,cnn,ttk_runs_fixed/unified_candidate_analysis/phase2db/panels/figure_05_candidate_c_continuity/speed_fields_cnn.png,visible
5,3,scripted_per_method,speed_fields,candidate_c,ttk_runs_fixed/unified_candidate_analysis/phase2db/panels/figure_05_candidate_c_continuity/speed_fields_candidate_c.png,visible
5,4,scripted_per_method,speed_fields,f3_grad_crit,ttk_runs_fixed/unified_candidate_analysis/phase2db/panels/figure_05_candidate_c_continuity/speed_fields_f3_grad_crit.png,visible
5,5,scripted_per_method,speed_fields,f2_grad_levelset_e2,ttk_runs_fixed/unified_candidate_analysis/phase2db/panels/figure_05_candidate_c_continuity/speed_fields_f2_grad_levelset_e2.png,visible
5,6,scripted_per_method,speed_fields,uv_e2,ttk_runs_fixed/unified_candidate_analysis/phase2db/panels/figure_05_candidate_c_continuity/speed_fields_uv_e2.png,visible
5,7,scripted_per_method,error_maps,cnn,ttk_runs_fixed/unified_candidate_analysis/phase2db/panels/figure_05_candidate_c_continuity/error_maps_cnn.png,visible
5,8,scripted_per_method,error_maps,candidate_c,ttk_runs_fixed/unified_candidate_analysis/phase2db/panels/figure_05_candidate_c_continuity/error_maps_candidate_c.png,visible
5,9,scripted_per_method,error_maps,f3_grad_crit,ttk_runs_fixed/unified_candidate_analysis/phase2db/panels/figure_05_candidate_c_continuity/error_maps_f3_grad_crit.png,visible
5,10,scripted_per_method,error_maps,f2_grad_levelset_e2,ttk_runs_fixed/unified_candidate_analysis/phase2db/panels/figure_05_candidate_c_continuity/error_maps_f2_grad_levelset_e2.png,visible
5,11,scripted_per_method,error_maps,uv_e2,ttk_runs_fixed/unified_candidate_analysis/phase2db/panels/figure_05_candidate_c_continuity/error_maps_uv_e2.png,visible
5,12,manual_topology,topology_comparison,GT,ttk_runs_fixed/unified_candidate_analysis/phase2db/manual_topology_inputs/figure_05/GT_mt.png,visible
5,13,manual_topology,topology_comparison,cnn,ttk_runs_fixed/unified_candidate_analysis/phase2db/manual_topology_inputs/figure_05/cnn_mt.png,visible
5,14,manual_topology,topology_comparison,candidate_c,ttk_runs_fixed/unified_candidate_analysis/phase2db/manual_topology_inputs/figure_05/candidate_c_mt.png,visible
5,15,manual_topology,topology_comparison,f3_grad_crit,ttk_runs_fixed/unified_candidate_analysis/phase2db/manual_topology_inputs/figure_05/f3_grad_crit_mt.png,visible
5,16,manual_topology,topology_comparison,f2_grad_levelset_e2,ttk_runs_fixed/unified_candidate_analysis/phase2db/manual_topology_inputs/figure_05/f2_grad_levelset_e2_mt.png,visible
5,17,manual_topology,topology_comparison,uv_e2,ttk_runs_fixed/unified_candidate_analysis/phase2db/manual_topology_inputs/figure_05/uv_e2_mt.png,visible
5,18,scripted_figure_level,metric_strip,,ttk_runs_fixed/unified_candidate_analysis/phase2db/panels/figure_05_candidate_c_continuity/metric_strip.png,visible
6,1,scripted_per_method,speed_fields,GT,ttk_runs_fixed/unified_candidate_analysis/phase2db/panels/figure_06_global_agreement/speed_fields_GT.png,visible
6,2,scripted_per_method,speed_fields,cnn,ttk_runs_fixed/unified_candidate_analysis/phase2db/panels/figure_06_global_agreement/speed_fields_cnn.png,visible
6,3,scripted_per_method,speed_fields,gan,ttk_runs_fixed/unified_candidate_analysis/phase2db/panels/figure_06_global_agreement/speed_fields_gan.png,visible
6,4,scripted_per_method,speed_fields,candidate_c,ttk_runs_fixed/unified_candidate_analysis/phase2db/panels/figure_06_global_agreement/speed_fields_candidate_c.png,visible
6,5,scripted_per_method,speed_fields,f3_grad_crit,ttk_runs_fixed/unified_candidate_analysis/phase2db/panels/figure_06_global_agreement/speed_fields_f3_grad_crit.png,visible
6,6,scripted_per_method,speed_fields,f2_grad_levelset_e2,ttk_runs_fixed/unified_candidate_analysis/phase2db/panels/figure_06_global_agreement/speed_fields_f2_grad_levelset_e2.png,visible
6,7,scripted_per_method,speed_fields,uv_e2,ttk_runs_fixed/unified_candidate_analysis/phase2db/panels/figure_06_global_agreement/speed_fields_uv_e2.png,visible
6,8,scripted_per_method,error_maps,cnn,ttk_runs_fixed/unified_candidate_analysis/phase2db/panels/figure_06_global_agreement/error_maps_cnn.png,visible
6,9,scripted_per_method,error_maps,gan,ttk_runs_fixed/unified_candidate_analysis/phase2db/panels/figure_06_global_agreement/error_maps_gan.png,visible
6,10,scripted_per_method,error_maps,candidate_c,ttk_runs_fixed/unified_candidate_analysis/phase2db/panels/figure_06_global_agreement/error_maps_candidate_c.png,visible
6,11,scripted_per_method,error_maps,f3_grad_crit,ttk_runs_fixed/unified_candidate_analysis/phase2db/panels/figure_06_global_agreement/error_maps_f3_grad_crit.png,visible
6,12,scripted_per_method,error_maps,f2_grad_levelset_e2,ttk_runs_fixed/unified_candidate_analysis/phase2db/panels/figure_06_global_agreement/error_maps_f2_grad_levelset_e2.png,visible
6,13,scripted_per_method,error_maps,uv_e2,ttk_runs_fixed/unified_candidate_analysis/phase2db/panels/figure_06_global_agreement/error_maps_uv_e2.png,visible
6,14,scripted_figure_level,pd_mt_comparison_compact,,ttk_runs_fixed/unified_candidate_analysis/phase2db/panels/figure_06_global_agreement/pd_mt_comparison_compact.png,visible
6,15,scripted_figure_level,metric_strip,,ttk_runs_fixed/unified_candidate_analysis/phase2db/panels/figure_06_global_agreement/metric_strip.png,visible
