sample_idx,psnr_winner,ssim_winner,pd_winner,mt_winner,direct_error_group_winner,direct_error_cnn_votes,direct_error_gan_votes,direct_error_ties,distributional_group_winner,distributional_cnn_votes,distributional_gan_votes,distributional_ties,tail_group_winner,tail_cnn_votes,tail_gan_votes,tail_ties,configured_physics_group_winner,configured_physics_cnn_votes,configured_physics_gan_votes,configured_physics_ties,delta_ssim_cnn_positive,delta_psnr_cnn_positive,delta_pd_cnn_positive,delta_mt_cnn_positive,pd_gan_strength,mt_cnn_strength,mt_gan_strength,ssim_near_tie_0p05,ssim_near_tie_0p075,group_cnn_consensus_core,group_gan_distributional_cases,group_pd_mt_disagreement,group_candidate_structural_hallucination_signature,group_mt_gan_diagnostic,group_topology_consensus_gan,group_topology_consensus_cnn,group_neartie_topology_validator_disagreement,pd_gan_strength_percentile,mt_cnn_strength_percentile,mt_gan_strength_percentile,distributional_gan_vote_fraction,tail_gan_vote_fraction,candidate_hallucination_score,mt_gan_visual_score
0,CNN,CNN,GAN,CNN,CNN,5,0,0,CNN,4,1,0,CNN,3,0,0,CNN,4,0,0,0.08788798620533089,0.8797640876482191,-1.84396352412017,4.696573257446289,1.84396352412017,4.696573257446289,0.0,False,False,True,False,True,True,False,False,False,False,0.041916167664670656,0.8502994011976048,0.0,0.2,0.0,0.3968862275449102,0.06
1,CNN,CNN,GAN,CNN,CNN,5,0,0,CNN,4,1,0,CNN,3,0,0,CNN,4,0,0,0.09409544758709187,0.9598106740758396,-2.223774349776093,7.300331115722656,2.223774349776093,7.300331115722656,0.0,False,False,True,False,True,True,False,False,False,False,0.059880239520958084,0.9461077844311377,0.005988023952095809,0.2,0.0,0.44239520958083833,0.0629940119760479
2,CNN,CNN,GAN,CNN,CNN,5,0,0,CNN,4,1,0,CNN,3,0,0,CNN,4,0,0,0.06442190906153866,0.928963211104346,-2.242198478061649,3.448397159576416,2.242198478061649,3.448397159576416,0.0,False,True,True,False,True,True,False,False,False,False,0.0658682634730539,0.7544910179640718,0.011976047904191617,0.2,0.0,0.36814371257485035,0.06598802395209581
3,CNN,CNN,GAN,CNN,CNN,5,0,0,CNN,4,1,0,CNN,3,0,0,CNN,4,0,0,0.06989645644371223,0.9761671486968346,-1.4806979857800258,4.959354877471924,1.4806979857800258,4.959354877471924,0.0,False,True,True,False,True,True,False,False,False,False,0.023952095808383235,0.8622754491017964,0.017964071856287425,0.2,0.0,0.3944910179640718,0.06898203592814371
4,CNN,CNN,GAN,CNN,CNN,5,0,0,CNN,4,1,0,CNN,3,0,0,CNN,4,0,0,0.08002109644090227,0.9946436471339481,-1.900219978291588,3.17252254486084,1.900219978291588,3.17252254486084,0.0,False,False,True,False,True,True,False,False,False,False,0.04790419161676647,0.7305389221556886,0.023952095808383235,0.2,0.0,0.3513772455089821,0.07197604790419161
5,CNN,CNN,GAN,CNN,CNN,5,0,0,CNN,4,1,0,CNN,3,0,0,CNN,4,0,0,0.07971802263857564,0.7617305514067318,-4.515014821826373,0.7779016494750977,4.515014821826373,0.7779016494750977,0.0,False,False,True,False,True,True,False,False,False,False,0.16766467065868262,0.2694610778443114,0.029940119760479042,0.2,0.0,0.21485029940119763,0.07497005988023953
6,CNN,CNN,GAN,GAN,CNN,5,0,0,CNN,4,1,0,CNN,3,0,0,CNN,4,0,0,0.09526586383242708,1.0711951372530493,-4.0238919902617525,-0.13336706161499023,4.0238919902617525,0.0,0.13336706161499023,False,False,False,False,False,False,True,True,False,False,0.1377245508982036,0.0,0.9101796407185628,0.2,0.0,0.09508982035928146,0.5150898203592814
7,CNN,CNN,GAN,CNN,CNN,5,0,0,CNN,4,1,0,CNN,3,0,0,CNN,4,0,0,0.09851242796992554,1.1254579528723383,-6.715905208801953,1.441418170928955,6.715905208801953,1.441418170928955,0.0,False,False,True,False,True,True,False,False,False,False,0.49700598802395207,0.41916167664670656,0.03592814371257485,0.2,0.0,0.40646706586826353,0.07796407185628743
8,CNN,CNN,GAN,GAN,CNN,5,0,0,CNN,3,2,0,GAN,1,2,0,CNN,4,0,0,0.06015236343286523,0.9552527683503129,-6.35296897375575,-1.4545478820800781,6.35296897375575,0.0,1.4545478820800781,False,True,False,False,False,False,True,True,False,True,0.41916167664670656,0.005988023952095809,0.9940119760479041,0.4,0.6666666666666666,0.25005988023952097,0.7503393213572853
9,CNN,CNN,GAN,CNN,CNN,5,0,0,GAN,2,3,0,GAN,1,2,0,CNN,3,1,0,0.05113279559871359,1.10548923653608,-5.174419222321482,0.5232677459716797,5.174419222321482,0.5232677459716797,0.0,False,True,True,True,True,True,False,False,False,False,0.2634730538922156,0.2155688622754491,0.041916167664670656,0.6,0.6666666666666666,0.3116167664670659,0.3342914171656687
10,CNN,CNN,GAN,CNN,CNN,5,0,0,GAN,1,4,0,GAN,0,3,0,CNN,3,1,0,0.045120022119861325,1.2863590599120478,-4.986953818566491,0.7892866134643555,4.986953818566491,0.7892866134643555,0.0,True,True,True,True,True,True,False,False,False,False,0.2215568862275449,0.2754491017964072,0.04790419161676647,0.8,1.0,0.3588023952095809,0.46395209580838326
11,CNN,CNN,GAN,CNN,CNN,5,0,0,GAN,1,4,0,GAN,0,3,0,CNN,3,1,0,0.04352041403926121,1.4996915770166908,-3.7174578913149823,1.9210023880004883,3.7174578913149823,1.9210023880004883,0.0,True,True,True,True,True,True,False,False,False,False,0.09580838323353294,0.5029940119760479,0.05389221556886228,0.8,1.0,0.39952095808383237,0.46694610778443113
12,CNN,CNN,GAN,GAN,CNN,5,0,0,GAN,1,4,0,GAN,0,3,0,CNN,3,1,0,0.024958441031090572,1.6010085611272444,-5.883909078911028,-0.7026548385620117,5.883909078911028,0.0,0.7026548385620117,True,True,False,True,False,False,True,True,False,True,0.31736526946107785,0.011976047904191617,0.9640718562874252,0.8,1.0,0.2917365269461078,0.9220359281437125
13,CNN,CNN,GAN,CNN,CNN,5,0,0,GAN,1,4,0,GAN,0,3,0,CNN,3,1,0,0.04585468526322617,1.7993030026182097,-4.949986654047841,1.3284177780151367,4.949986654047841,1.3284177780151367,0.0,True,True,True,True,True,True,False,False,False,False,0.2155688622754491,0.38323353293413176,0.059880239520958084,0.8,1.0,0.39952095808383237,0.46994011976047906
14,CNN,CNN,GAN,CNN,CNN,5,0,0,GAN,1,4,0,GAN,0,3,0,CNN,3,1,0,0.048359935282972555,1.8639364721383274,-6.6186547936222055,0.4289054870605469,6.6186547936222055,0.4289054870605469,0.0,True,True,True,True,True,True,False,False,False,False,0.47305389221556887,0.19760479041916168,0.0658682634730539,0.8,1.0,0.42826347305389223,0.47293413173652693
15,CNN,CNN,GAN,CNN,CNN,5,0,0,GAN,1,4,0,GAN,0,3,0,CNN,3,1,0,0.09192105451153582,1.8665661241287133,-7.1743463043269,0.769874095916748,7.1743463043269,0.769874095916748,0.0,False,False,True,True,True,True,False,False,False,False,0.5748502994011976,0.25748502994011974,0.0718562874251497,0.8,1.0,0.492934131736527,0.47592814371257486
16,CNN,CNN,GAN,GAN,CNN,5,0,0,GAN,2,3,0,GAN,1,2,0,CNN,3,1,0,0.11067687600382492,1.798462750063429,-6.43147564886435,-0.2089829444885254,6.43147564886435,0.0,0.2089829444885254,False,False,False,True,False,False,True,True,False,False,0.4311377245508982,0.017964071856287425,0.9221556886227545,0.6,0.6666666666666666,0.2996407185628742,0.7744111776447106
17,CNN,CNN,GAN,GAN,CNN,5,0,0,GAN,1,4,0,GAN,0,3,0,CNN,3,1,0,0.15449413504044823,1.9348870927285446,-3.7822890574889776,-0.44097423553466797,3.7822890574889776,0.0,0.44097423553466797,False,False,False,True,False,False,True,True,False,False,0.10179640718562874,0.023952095808383235,0.9520958083832335,0.8,1.0,0.21029940119760482,0.9160479041916167
18,CNN,CNN,GAN,GAN,CNN,5,0,0,GAN,2,3,0,GAN,1,2,0,CNN,3,1,0,0.17047726392317625,1.8680238199197774,-1.7846641580542837,-0.7042150497436523,1.7846641580542837,0.0,0.7042150497436523,False,False,False,True,False,False,True,True,False,False,0.029940119760479042,0.029940119760479042,0.9700598802395209,0.6,0.6666666666666666,0.14395209580838322,0.7983632734530938
19,CNN,CNN,GAN,GAN,CNN,5,0,0,GAN,1,4,0,GAN,1,2,0,CNN,3,1,0,0.1683609477591107,2.081844652650684,-1.9774057392824496,-1.4850749969482422,1.9774057392824496,0.0,1.4850749969482422,False,False,False,True,False,False,True,True,False,False,0.05389221556886228,0.03592814371257485,1.0,0.8,0.6666666666666666,0.1959281437125749,0.8733333333333333
20,CNN,CNN,GAN,GAN,CNN,5,0,0,GAN,2,3,0,CNN,2,1,0,CNN,3,1,0,0.17728323055323952,1.8760320847404017,-3.7129210916888518,-0.5649247169494629,3.7129210916888518,0.0,0.5649247169494629,False,False,False,True,False,False,True,True,False,False,0.08982035928143713,0.041916167664670656,0.9580838323353293,0.6,0.3333333333333333,0.17269461077844311,0.7257085828343313
21,CNN,CNN,GAN,CNN,CNN,5,0,0,GAN,2,3,0,GAN,1,2,0,CNN,3,1,0,0.1305937115647096,1.8217144573182296,-5.568341285858754,2.6894378662109375,5.568341285858754,2.6894378662109375,0.0,False,False,True,True,True,True,False,False,False,False,0.30538922155688625,0.6766467065868264,0.07784431137724551,0.6,0.6666666666666666,0.5128143712574851,0.3522554890219561
22,CNN,CNN,GAN,CNN,CNN,5,0,0,GAN,1,4,0,CNN,2,1,0,CNN,3,1,0,0.07218253794301349,1.733172598314468,-5.89238054059355,0.2651815414428711,5.89238054059355,0.2651815414428711,0.0,False,True,True,True,True,True,False,False,False,False,0.32335329341317365,0.16766467065868262,0.08383233532934131,0.8,0.3333333333333333,0.3564071856287425,0.3485828343313373
23,CNN,CNN,GAN,CNN,CNN,5,0,0,GAN,1,4,0,GAN,1,2,0,CNN,3,1,0,0.05386804786564575,1.771013094299576,-5.332379081429529,1.5902013778686523,5.332379081429529,1.5902013778686523,0.0,False,True,True,True,True,True,False,False,False,False,0.281437125748503,0.4491017964071856,0.08982035928143713,0.8,0.6666666666666666,0.4522155688622755,0.41824351297405193
24,CNN,CNN,GAN,CNN,CNN,5,0,0,GAN,0,5,0,GAN,1,2,0,CNN,3,1,0,0.0531507651592914,1.648541918516088,-6.104082332594537,4.848442554473877,6.104082332594537,4.848442554473877,0.0,False,True,True,True,True,True,False,False,False,False,0.3712574850299401,0.8562874251497006,0.09580838323353294,1.0,0.6666666666666666,0.6910179640718563,0.48123752495009975
25,CNN,CNN,GAN,GAN,CNN,5,0,0,GAN,1,4,0,CNN,2,1,0,CNN,3,1,0,0.0267183634431003,1.5542636744720362,-6.460623784854704,-0.8701009750366211,6.460623784854704,0.0,0.8701009750366211,True,True,False,True,False,False,True,True,False,True,0.4491017964071856,0.04790419161676647,0.9820359281437125,0.8,0.3333333333333333,0.3588023952095809,0.7976846307385229
26,CNN,CNN,GAN,CNN,CNN,5,0,0,GAN,1,4,0,GAN,0,3,0,CNN,3,1,0,0.017785687996901278,1.5388835258671847,-4.246677164536258,4.244935512542725,4.246677164536258,4.244935512542725,0.0,True,True,True,True,True,True,False,False,False,False,0.1437125748502994,0.8263473053892215,0.10179640718562874,0.8,1.0,0.5480239520958085,0.4908982035928144
27,CNN,CNN,GAN,CNN,CNN,5,0,0,GAN,0,5,0,GAN,1,2,0,CNN,3,1,0,0.029645301885254605,1.4307732421870831,-5.951590783761549,13.490119457244873,5.951590783761549,13.490119457244873,0.0,True,True,True,True,True,True,False,False,False,False,0.3473053892215569,1.0,0.10778443113772455,1.0,0.6666666666666666,0.7389221556886227,0.4872255489021956
28,CNN,CNN,GAN,CNN,CNN,5,0,0,GAN,0,5,0,GAN,1,2,0,CNN,3,1,0,0.05224633325951533,1.5748895800670546,-7.5824311295112174,7.736997127532959,7.5824311295112174,7.736997127532959,0.0,False,True,True,True,True,True,False,False,False,False,0.6107784431137725,0.9520958083832335,0.11377245508982035,1.0,0.6666666666666666,0.8251497005988024,0.4902195608782435
29,CNN,CNN,GAN,CNN,CNN,5,0,0,GAN,2,3,0,CNN,3,0,0,CNN,3,1,0,0.0464149132790177,1.802224807501375,-7.090496520061972,5.9002685546875,7.090496520061972,5.9002685546875,0.0,True,True,True,True,True,True,False,False,False,False,0.5568862275449101,0.9101796407185628,0.11976047904191617,0.6,0.0,0.7068263473053892,0.23988023952095808
30,CNN,CNN,GAN,CNN,CNN,5,0,0,GAN,2,3,0,CNN,3,0,0,CNN,3,1,0,0.04764500751119949,1.81973192479024,-9.11769536279277,6.719937324523926,9.11769536279277,6.719937324523926,0.0,True,True,True,True,True,True,False,False,False,False,0.874251497005988,0.9401197604790419,0.12574850299401197,0.6,0.0,0.845748502994012,0.24287425149700598
31,CNN,CNN,GAN,CNN,CNN,5,0,0,GAN,2,3,0,CNN,3,0,0,CNN,3,1,0,0.03308011549439582,1.6490307437688756,-7.798958550091694,9.415461540222168,7.798958550091694,9.415461540222168,0.0,True,True,True,True,True,True,False,False,False,False,0.6586826347305389,0.9760479041916168,0.1317365269461078,0.6,0.0,0.7738922155688623,0.2458682634730539
32,CNN,CNN,GAN,CNN,CNN,5,0,0,GAN,2,3,0,CNN,3,0,0,CNN,3,1,0,0.04734223970314855,1.6957911410612994,-8.012099789376382,11.7681245803833,8.012099789376382,11.7681245803833,0.0,True,True,True,True,True,True,False,False,False,False,0.7125748502994012,0.9820359281437125,0.1377245508982036,0.6,0.0,0.7978443113772454,0.24886227544910178
33,CNN,CNN,GAN,CNN,CNN,5,0,0,CNN,3,2,0,CNN,3,0,0,CNN,3,1,0,0.05191055661336752,1.8029776369447212,-7.992919330775159,13.23584794998169,7.992919330775159,13.23584794998169,0.0,False,True,True,False,True,True,False,False,False,False,0.7005988023952096,0.9940119760479041,0.1437125748502994,0.4,0.0,0.7578443113772455,0.1918562874251497
34,CNN,CNN,GAN,CNN,CNN,5,0,0,CNN,3,2,0,CNN,3,0,0,CNN,3,1,0,0.05564578953597643,1.7014722416795145,-8.448868502929422,13.12288522720337,8.448868502929422,13.12288522720337,0.0,False,True,True,False,True,True,False,False,False,False,0.8023952095808383,0.9880239520958084,0.1497005988023952,0.4,0.0,0.7961676646706588,0.19485029940119758
35,CNN,CNN,GAN,CNN,CNN,5,0,0,CNN,3,2,0,CNN,3,0,0,CNN,3,1,0,0.04804291747568723,1.4092638682615437,-7.205796432989075,8.16400957107544,7.205796432989075,8.16400957107544,0.0,True,True,True,False,True,True,False,False,False,False,0.5808383233532934,0.9640718562874252,0.15568862275449102,0.4,0.0,0.6979640718562876,0.1978443113772455
36,CNN,CNN,GAN,CNN,CNN,5,0,0,CNN,3,2,0,CNN,3,0,0,CNN,3,1,0,0.05251047448299562,1.4334327230339987,-7.875280567716636,3.1715517044067383,7.875280567716636,3.1715517044067383,0.0,False,True,True,False,True,True,False,False,False,False,0.6706586826347305,0.7245508982035929,0.16167664670658682,0.4,0.0,0.6380838323353295,0.2008383233532934
37,CNN,CNN,GAN,CNN,CNN,5,0,0,CNN,3,2,0,CNN,3,0,0,CNN,3,1,0,0.03743818636798524,1.3964017022153463,-6.292953489676982,3.1034741401672363,6.292953489676982,3.1034741401672363,0.0,True,True,True,False,True,True,False,False,False,False,0.41317365269461076,0.718562874251497,0.16766467065868262,0.4,0.0,0.5326946107784432,0.2038323353293413
38,CNN,CNN,GAN,CNN,CNN,5,0,0,CNN,3,2,0,CNN,3,0,0,CNN,3,1,0,0.05656397510840294,1.6570457034885102,-5.379562854617582,1.3623995780944824,5.379562854617582,1.3623995780944824,0.0,False,True,True,False,True,True,False,False,False,False,0.2874251497005988,0.40119760479041916,0.17365269461077845,0.4,0.0,0.3554491017964072,0.20682634730538924
39,CNN,CNN,GAN,CNN,CNN,5,0,0,GAN,2,3,0,CNN,3,0,0,CNN,3,1,0,0.04492518706944615,2.150068446757281,-3.886171126905573,2.6726326942443848,3.886171126905573,2.6726326942443848,0.0,True,True,True,True,True,True,False,False,False,False,0.12574850299401197,0.6706586826347305,0.17964071856287425,0.6,0.0,0.438562874251497,0.2698203592814371
40,CNN,CNN,GAN,CNN,CNN,5,0,0,GAN,2,3,0,CNN,3,0,0,CNN,3,1,0,0.0908271192528387,2.5177067842436003,-3.8342045414024355,3.35744047164917,3.8342045414024355,3.35744047164917,0.0,False,False,True,True,True,True,False,False,False,False,0.11377245508982035,0.7425149700598802,0.18562874251497005,0.6,0.0,0.46251497005988024,0.27281437125748503
41,CNN,CNN,GAN,CNN,CNN,5,0,0,GAN,2,3,0,CNN,3,0,0,CNN,3,1,0,0.0959139795455678,2.5674400468628846,-6.004470865065727,3.5117835998535156,6.004470865065727,3.5117835998535156,0.0,False,False,True,True,True,True,False,False,False,False,0.3532934131736527,0.7604790419161677,0.19161676646706588,0.6,0.0,0.5655089820359283,0.27580838323353296
42,CNN,CNN,GAN,CNN,CNN,5,0,0,GAN,2,3,0,CNN,3,0,0,CNN,3,1,0,0.12652669973464403,2.7967658265811295,-6.997562038872003,1.6252508163452148,6.997562038872003,1.6252508163452148,0.0,False,False,True,True,True,True,False,False,False,False,0.5389221556886228,0.46107784431137727,0.19760479041916168,0.6,0.0,0.52,0.27880239520958083
43,CNN,CNN,GAN,CNN,CNN,5,0,0,GAN,2,3,0,CNN,3,0,0,CNN,3,1,0,0.15034878856407602,3.0144663065062147,-6.984029617323921,1.2848858833312988,6.984029617323921,1.2848858833312988,0.0,False,False,True,True,True,True,False,False,False,False,0.5329341317365269,0.3652694610778443,0.20359281437125748,0.6,0.0,0.4792814371257485,0.2817964071856287
44,CNN,CNN,GAN,CNN,CNN,5,0,0,GAN,2,3,0,CNN,3,0,0,CNN,3,1,0,0.17851819213788267,2.753980068240061,-5.925737386288752,0.8350815773010254,5.925737386288752,0.8350815773010254,0.0,False,False,True,True,True,True,False,False,False,False,0.3413173652694611,0.281437125748503,0.20958083832335328,0.6,0.0,0.36910179640718566,0.28479041916167663
45,CNN,CNN,GAN,CNN,CNN,5,0,0,GAN,2,3,0,CNN,3,0,0,CNN,3,1,0,0.19206344416956095,2.424514823398095,-6.918646754031586,0.2069711685180664,6.918646754031586,0.2069711685180664,0.0,False,False,True,True,True,True,False,False,False,False,0.5209580838323353,0.1437125748502994,0.2155688622754491,0.6,0.0,0.3858682634730539,0.28778443113772456
46,CNN,CNN,GAN,CNN,CNN,5,0,0,GAN,2,3,0,CNN,3,0,0,CNN,3,1,0,0.1756583031682329,2.282483429034915,-4.406039689451099,0.4070606231689453,4.406039689451099,0.4070606231689453,0.0,False,False,True,True,True,True,False,False,False,False,0.15568862275449102,0.19161676646706588,0.2215568862275449,0.6,0.0,0.25892215568862276,0.29077844311377243
47,CNN,CNN,GAN,CNN,CNN,5,0,0,GAN,2,3,0,CNN,3,0,0,CNN,3,1,0,0.18379564593875647,2.3194659175833614,-9.092857960913102,0.7085165977478027,9.092857960913102,0.7085165977478027,0.0,False,False,True,True,True,True,False,False,False,False,0.8682634730538922,0.23952095808383234,0.2275449101796407,0.6,0.0,0.5631137724550899,0.29377245508982036
48,CNN,CNN,GAN,GAN,CNN,5,0,0,GAN,2,3,0,CNN,3,0,0,CNN,3,1,0,0.16385054112081993,2.2814957557212594,-9.72546950270006,-0.3985104560852051,9.72546950270006,0.0,0.3985104560852051,False,False,False,True,False,False,True,True,False,False,0.9341317365269461,0.05389221556886228,0.9401197604790419,0.6,0.0,0.5152095808383235,0.650059880239521
49,CNN,CNN,GAN,CNN,CNN,5,0,0,GAN,2,3,0,CNN,3,0,0,CNN,3,1,0,0.16409091759339905,2.340697355275882,-8.443118863706923,1.5694875717163086,8.443118863706923,1.5694875717163086,0.0,False,False,True,True,True,True,False,False,False,False,0.7964071856287425,0.4431137724550898,0.23353293413173654,0.6,0.0,0.6158083832335329,0.2967664670658683
50,CNN,CNN,GAN,CNN,CNN,5,0,0,GAN,2,3,0,CNN,3,0,0,CNN,3,1,0,0.16412879820120468,2.4829045502076212,-6.443326104934021,0.3277096748352051,6.443326104934021,0.3277096748352051,0.0,False,False,True,True,True,True,False,False,False,False,0.437125748502994,0.17964071856287425,0.23952095808383234,0.6,0.0,0.3667065868263473,0.29976047904191616
51,CNN,CNN,GAN,CNN,CNN,5,0,0,GAN,2,3,0,CNN,3,0,0,CNN,3,1,0,0.1447297509357181,2.414202352531234,-5.721627117117851,2.0941648483276367,5.721627117117851,2.0941648483276367,0.0,False,False,True,True,True,True,False,False,False,False,0.31137724550898205,0.5209580838323353,0.24550898203592814,0.6,0.0,0.45293413173652697,0.30275449101796403
52,CNN,CNN,GAN,CNN,CNN,5,0,0,GAN,2,3,0,CNN,3,0,0,CNN,3,1,0,0.15238527258827256,2.643264219839864,-4.82901517143803,1.3137683868408203,4.82901517143803,1.3137683868408203,0.0,False,False,True,True,True,True,False,False,False,False,0.20359281437125748,0.3772455089820359,0.25149700598802394,0.6,0.0,0.35233532934131734,0.30574850299401196
53,CNN,CNN,GAN,CNN,CNN,5,0,0,GAN,2,3,0,CNN,3,0,0,CNN,3,1,0,0.18559375867418482,2.578629877462326,-3.846379184150063,2.6572957038879395,3.846379184150063,2.6572957038879395,0.0,False,False,True,True,True,True,False,False,False,False,0.11976047904191617,0.6646706586826348,0.25748502994011974,0.6,0.0,0.4337724550898204,0.3087425149700599
54,CNN,CNN,GAN,CNN,CNN,5,0,0,GAN,1,4,0,CNN,2,1,0,CNN,3,1,0,0.14127698094472035,2.4736481097414362,-4.673824925351717,4.081710338592529,4.673824925351717,4.081710338592529,0.0,False,False,True,True,True,True,False,False,False,False,0.19161676646706588,0.7964071856287425,0.2634730538922156,0.8,0.3333333333333333,0.5552095808383234,0.43840319361277447
55,CNN,CNN,GAN,CNN,CNN,5,0,0,GAN,2,3,0,CNN,3,0,0,CNN,3,1,0,0.14675238184273837,2.5443556584457987,-6.147211496559969,2.5782084465026855,6.147211496559969,2.5782084465026855,0.0,False,False,True,True,True,True,False,False,False,False,0.38323353293413176,0.6227544910179641,0.2694610778443114,0.6,0.0,0.5223952095808384,0.3147305389221557
56,CNN,CNN,GAN,CNN,CNN,5,0,0,GAN,2,3,0,CNN,3,0,0,CNN,3,1,0,0.13874262675541366,2.518582148024997,-6.665396058507866,2.3386168479919434,6.665396058507866,2.3386168479919434,0.0,False,False,True,True,True,True,False,False,False,False,0.49101796407185627,0.5868263473053892,0.2754491017964072,0.6,0.0,0.5511377245508982,0.3177245508982036
57,CNN,CNN,GAN,CNN,CNN,5,0,0,GAN,2,3,0,CNN,3,0,0,CNN,3,1,0,0.1406458771328502,2.403791496344759,-6.582855791990649,1.3418521881103516,6.582855791990649,1.3418521881103516,0.0,False,False,True,True,True,True,False,False,False,False,0.46107784431137727,0.38922155688622756,0.281437125748503,0.6,0.0,0.4601197604790419,0.3207185628742515
58,CNN,CNN,GAN,CNN,CNN,5,0,0,GAN,2,3,0,CNN,3,0,0,CNN,3,1,0,0.13650524090030852,2.404318167603659,-6.798314331975675,2.2602524757385254,6.798314331975675,2.2602524757385254,0.0,False,False,True,True,True,True,False,False,False,False,0.5029940119760479,0.5688622754491018,0.2874251497005988,0.6,0.0,0.5487425149700599,0.32371257485029936
59,CNN,CNN,GAN,CNN,CNN,5,0,0,GAN,1,4,0,CNN,2,1,0,CNN,3,1,0,0.12007655987699517,2.2849636207034614,-7.213367570166167,2.344633102416992,7.213367570166167,2.344633102416992,0.0,False,False,True,True,True,True,False,False,False,False,0.5868263473053892,0.592814371257485,0.2934131736526946,0.8,0.3333333333333333,0.6318562874251498,0.45337325349301394
60,CNN,CNN,GAN,CNN,CNN,5,0,0,GAN,1,4,0,CNN,2,1,0,CNN,3,1,0,0.10185965073828368,2.433705871259434,-7.359820306904695,3.0356502532958984,7.359820306904695,3.0356502532958984,0.0,False,False,True,True,True,True,False,False,False,False,0.6047904191616766,0.6946107784431138,0.2994011976047904,0.8,0.3333333333333333,0.6797604790419162,0.4563672654690618
61,CNN,CNN,GAN,CNN,CNN,5,0,0,GAN,1,4,0,CNN,2,1,0,CNN,3,1,0,0.09660811455706331,2.4739225466764694,-6.214968807870456,2.780329704284668,6.214968807870456,2.780329704284668,0.0,False,False,True,True,True,True,False,False,False,False,0.38922155688622756,0.688622754491018,0.30538922155688625,0.8,0.3333333333333333,0.5911377245508982,0.4593612774451098
62,CNN,CNN,GAN,GAN,CNN,5,0,0,GAN,0,5,0,GAN,1,2,0,CNN,3,1,0,0.12212383402419819,2.3471441996583273,-9.469816568827202,-0.07007265090942383,9.469816568827202,0.0,0.07007265090942383,False,False,False,True,False,False,True,True,False,False,0.9041916167664671,0.059880239520958084,0.8922155688622755,1.0,0.6666666666666666,0.5856287425149701,0.879441117764471
63,CNN,CNN,GAN,GAN,CNN,5,0,0,GAN,0,5,0,GAN,1,2,0,CNN,3,1,0,0.1326115049754243,2.4593260393948313,-10.324832073619756,-0.08297109603881836,10.324832073619756,0.0,0.08297109603881836,False,False,False,True,False,False,True,True,False,False,0.9820359281437125,0.0658682634730539,0.8982035928143712,1.0,0.6666666666666666,0.6191616766467065,0.8824351297405189
64,CNN,CNN,GAN,CNN,CNN,5,0,0,GAN,0,5,0,GAN,1,2,0,CNN,3,1,0,0.15095592854441908,2.579374470563298,-8.009027369164066,1.1932158470153809,8.009027369164066,1.1932158470153809,0.0,False,False,True,True,True,True,False,False,False,False,0.7065868263473054,0.33532934131736525,0.31137724550898205,1.0,0.6666666666666666,0.6167664670658684,0.5890219560878244
65,CNN,CNN,GAN,GAN,CNN,5,0,0,GAN,0,5,0,GAN,1,2,0,CNN,3,1,0,0.16039993041722866,2.6838240149412975,-5.909408229536577,-0.2439899444580078,5.909408229536577,0.0,0.2439899444580078,False,False,False,True,False,False,True,True,False,False,0.33532934131736525,0.0718562874251497,0.9281437125748503,1.0,0.6666666666666666,0.36287425149700603,0.8974051896207584
66,CNN,CNN,GAN,CNN,CNN,5,0,0,GAN,0,5,0,GAN,1,2,0,CNN,3,1,0,0.17420505893100946,2.8245313225385154,-5.0025153963535995,0.7067909240722656,5.0025153963535995,0.7067909240722656,0.0,False,False,True,True,True,True,False,False,False,False,0.2275449101796407,0.23353293413173654,0.31736526946107785,1.0,0.6666666666666666,0.38443113772455095,0.5920159680638722
67,CNN,CNN,GAN,CNN,CNN,5,0,0,GAN,0,5,0,GAN,1,2,0,CNN,3,1,0,0.17505702999513362,2.7861289206532405,-5.906224879848846,1.6130833625793457,5.906224879848846,1.6130833625793457,0.0,False,False,True,True,True,True,False,False,False,False,0.32934131736526945,0.4550898203592814,0.32335329341317365,1.0,0.6666666666666666,0.5137724550898204,0.5950099800399201
68,CNN,CNN,GAN,GAN,CNN,5,0,0,GAN,1,4,0,GAN,1,2,0,CNN,3,1,0,0.16480046476809662,2.437167049909192,-6.270411491765506,-0.403470516204834,6.270411491765506,0.0,0.403470516204834,False,False,False,True,False,False,True,True,False,False,0.40718562874251496,0.07784431137724551,0.9461077844311377,0.8,0.6666666666666666,0.35401197604790424,0.8463872255489022
69,CNN,CNN,GAN,CNN,CNN,5,0,0,GAN,1,4,0,CNN,2,1,0,CNN,3,1,0,0.1624073898716215,2.3878816462052797,-8.055833318467656,1.236095905303955,8.055833318467656,1.236095905303955,0.0,False,False,True,True,True,True,False,False,False,False,0.7425149700598802,0.3532934131736527,0.32934131736526945,0.8,0.3333333333333333,0.5983233532934132,0.4713373253493014
70,CNN,CNN,GAN,CNN,CNN,5,0,0,GAN,2,3,0,CNN,2,1,0,CNN,3,1,0,0.17377647867438145,2.322315902915726,-4.791417175348343,0.46565675735473633,4.791417175348343,0.46565675735473633,0.0,False,False,True,True,True,True,False,False,False,False,0.19760479041916168,0.20359281437125748,0.33532934131736525,0.6,0.3333333333333333,0.2804790419161677,0.41433133732534927
71,CNN,CNN,GAN,CNN,CNN,5,0,0,GAN,1,4,0,GAN,1,2,0,CNN,3,1,0,0.13934670371891633,2.2129153590574333,-7.039306092210072,2.0277295112609863,7.039306092210072,2.0277295112609863,0.0,False,False,True,True,True,True,False,False,False,False,0.5449101796407185,0.5089820359281437,0.3413173652694611,0.8,0.6666666666666666,0.581556886227545,0.5439920159680639
72,CNN,CNN,GAN,CNN,CNN,5,0,0,GAN,1,4,0,CNN,2,1,0,CNN,3,1,0,0.12132626772463762,2.07262898918421,-6.834790776641778,0.9235391616821289,6.834790776641778,0.9235391616821289,0.0,False,False,True,True,True,True,False,False,False,False,0.5089820359281437,0.2994011976047904,0.3473053892215569,0.8,0.3333333333333333,0.4833532934131737,0.4803193612774451
73,CNN,CNN,GAN,CNN,CNN,5,0,0,GAN,0,5,0,GAN,1,2,0,CNN,3,1,0,0.11858050924477215,2.0179131531436205,-7.6024688274627685,0.7659602165222168,7.6024688274627685,0.7659602165222168,0.0,False,False,True,True,True,True,False,False,False,False,0.6227544910179641,0.25149700598802394,0.3532934131736527,1.0,0.6666666666666666,0.5497005988023953,0.6099800399201597
74,CNN,CNN,GAN,CNN,CNN,5,0,0,GAN,0,5,0,GAN,1,2,0,CNN,3,1,0,0.10888073319056513,1.9666121516878938,-8.18003949869281,0.8621988296508789,8.18003949869281,0.8621988296508789,0.0,False,False,True,True,True,True,False,False,False,False,0.7784431137724551,0.2874251497005988,0.3592814371257485,1.0,0.6666666666666666,0.6263473053892216,0.6129740518962076
75,CNN,CNN,GAN,CNN,CNN,5,0,0,GAN,0,5,0,GAN,1,2,0,CNN,3,1,0,0.09668993521993868,1.976390834276252,-9.618530700619797,0.4793844223022461,9.618530700619797,0.4793844223022461,0.0,False,False,True,True,True,True,False,False,False,False,0.9281437125748503,0.20958083832335328,0.3652694610778443,1.0,0.6666666666666666,0.6550898203592814,0.6159680638722554
76,CNN,CNN,GAN,CNN,CNN,5,0,0,GAN,0,5,0,GAN,1,2,0,CNN,3,1,0,0.0891477711238231,2.0704609517459858,-9.831056277140892,1.24332857131958,9.831056277140892,1.24332857131958,0.0,False,False,True,True,True,True,False,False,False,False,0.9461077844311377,0.3592814371257485,0.3712574850299401,1.0,0.6666666666666666,0.7221556886227545,0.6189620758483033
77,CNN,CNN,GAN,GAN,CNN,5,0,0,GAN,0,5,0,GAN,1,2,0,CNN,3,1,0,0.09052617957345221,2.0063691492519027,-9.591326603057613,-0.13201189041137695,9.591326603057613,0.0,0.13201189041137695,False,False,False,True,False,False,True,True,False,False,0.9221556886227545,0.08383233532934131,0.9041916167664671,1.0,0.6666666666666666,0.6023952095808384,0.8854291417165668
78,CNN,CNN,GAN,CNN,CNN,5,0,0,GAN,1,4,0,CNN,2,1,0,CNN,3,1,0,0.09229960404807958,2.1758962215226703,-10.345590775245523,1.289968490600586,10.345590775245523,1.289968490600586,0.0,False,False,True,True,True,True,False,False,False,False,0.9880239520958084,0.3712574850299401,0.3772455089820359,0.8,0.3333333333333333,0.7037125748502995,0.4952894211576846
79,CNN,CNN,GAN,GAN,CNN,5,0,0,GAN,1,4,0,CNN,2,1,0,CNN,3,1,0,0.09747658480385751,2.170332353803019,-9.82681114697127,-0.3894224166870117,9.82681114697127,0.0,0.3894224166870117,False,False,False,True,False,False,True,True,False,False,0.9401197604790419,0.08982035928143713,0.9341317365269461,0.8,0.3333333333333333,0.5719760479041917,0.7737325349301397
80,CNN,CNN,GAN,GAN,CNN,5,0,0,GAN,1,4,0,CNN,2,1,0,CNN,3,1,0,0.10496821765972753,2.2505724455305334,-9.341334313446833,-0.8060040473937988,9.341334313446833,0.0,0.8060040473937988,False,False,False,True,False,False,True,True,False,False,0.8862275449101796,0.09580838323353294,0.9760479041916168,0.8,0.3333333333333333,0.5528143712574851,0.794690618762475
81,CNN,CNN,GAN,CNN,CNN,5,0,0,GAN,2,3,0,CNN,3,0,0,CNN,3,1,0,0.09269092717377009,2.2083008576788288,-8.706184969747014,1.1409878730773926,8.706184969747014,1.1409878730773926,0.0,False,False,True,True,True,True,False,False,False,False,0.8263473053892215,0.32934131736526945,0.38323353293413176,0.6,0.0,0.5822754491017964,0.3716167664670659
82,CNN,CNN,GAN,GAN,CNN,5,0,0,GAN,1,4,0,CNN,2,1,0,CNN,3,1,0,0.09044679747048123,2.2217469986906337,-8.084550648979377,-0.8804688453674316,8.084550648979377,0.0,0.8804688453674316,False,False,False,True,False,False,True,True,False,False,0.7485029940119761,0.10179640718562874,0.9880239520958084,0.8,0.3333333333333333,0.5001197604790419,0.8006786427145709
83,CNN,CNN,GAN,CNN,CNN,5,0,0,GAN,1,4,0,CNN,2,1,0,CNN,3,1,0,0.08431397062801949,2.254383468761567,-6.39956198955246,0.03963279724121094,6.39956198955246,0.03963279724121094,0.0,False,False,True,True,True,True,False,False,False,False,0.4251497005988024,0.12574850299401197,0.38922155688622756,0.8,0.3333333333333333,0.38035928143712583,0.5012774451097805
84,CNN,CNN,GAN,CNN,CNN,5,0,0,GAN,1,4,0,GAN,1,2,0,CNN,3,1,0,0.07474020099048528,2.3014634723691074,-8.038770163555455,3.287766456604004,8.038770163555455,3.287766456604004,0.0,False,True,True,True,True,True,False,False,False,False,0.7365269461077845,0.7365269461077845,0.39520958083832336,0.8,0.6666666666666666,0.7492215568862276,0.570938123752495
85,CNN,CNN,GAN,CNN,CNN,5,0,0,GAN,1,4,0,GAN,1,2,0,CNN,3,1,0,0.0847318331965719,2.330718600123909,-7.97342342109393,2.1089515686035156,7.97342342109393,2.1089515686035156,0.0,False,False,True,True,True,True,False,False,False,False,0.688622754491018,0.5269461077844312,0.40119760479041916,0.8,0.6666666666666666,0.6462275449101798,0.5739321357285428
86,CNN,CNN,GAN,CNN,CNN,5,0,0,GAN,0,5,0,GAN,1,2,0,CNN,3,1,0,0.0915392681730045,2.3286949813678035,-10.349296367060862,4.18082332611084,10.349296367060862,4.18082332611084,0.0,False,False,True,True,True,True,False,False,False,False,0.9940119760479041,0.8143712574850299,0.40718562874251496,1.0,0.6666666666666666,0.9233532934131736,0.6369261477045908
87,CNN,CNN,GAN,CNN,CNN,5,0,0,GAN,0,5,0,GAN,1,2,0,CNN,3,1,0,0.10951288803519982,2.5662545418035947,-10.587786986084183,0.6648192405700684,10.587786986084183,0.6648192405700684,0.0,False,False,True,True,True,True,False,False,False,False,1.0,0.2275449101796407,0.41317365269461076,1.0,0.6666666666666666,0.6910179640718563,0.6399201596806386
88,CNN,CNN,GAN,CNN,CNN,5,0,0,GAN,0,5,0,GAN,1,2,0,CNN,3,1,0,0.1388619562220102,2.68631912361662,-7.979009777773516,0.07590866088867188,7.979009777773516,0.07590866088867188,0.0,False,False,True,True,True,True,False,False,False,False,0.6946107784431138,0.1317365269461078,0.41916167664670656,1.0,0.6666666666666666,0.5305389221556887,0.6429141716566866
89,CNN,CNN,GAN,CNN,CNN,5,0,0,GAN,0,5,0,GAN,1,2,0,CNN,3,1,0,0.17344593228362432,2.8262995058749922,-7.100562517887155,0.2387700080871582,7.100562517887155,0.2387700080871582,0.0,False,False,True,True,True,True,False,False,False,False,0.562874251497006,0.15568862275449102,0.4251497005988024,1.0,0.6666666666666666,0.48742514970059886,0.6459081836327345
90,CNN,CNN,GAN,CNN,CNN,5,0,0,GAN,0,5,0,GAN,0,3,0,CNN,3,1,0,0.19022585067361003,2.6916427783355594,-4.8800666213924835,0.40562963485717773,4.8800666213924835,0.40562963485717773,0.0,False,False,True,True,True,True,False,False,False,False,0.20958083832335328,0.18562874251497005,0.4311377245508982,1.0,1.0,0.35808383233532937,0.715568862275449
91,CNN,CNN,GAN,CNN,CNN,5,0,0,GAN,0,5,0,GAN,0,3,0,CNN,3,1,0,0.18383620188430772,2.6263466495143604,-6.0433707490104425,0.011494159698486328,6.0433707490104425,0.011494159698486328,0.0,False,False,True,True,True,True,False,False,False,False,0.3592814371257485,0.11976047904191617,0.437125748502994,1.0,1.0,0.3916167664670659,0.7185628742514969
92,CNN,CNN,GAN,GAN,CNN,5,0,0,GAN,0,5,0,GAN,0,3,0,CNN,3,1,0,0.16108176180585054,2.5607986487207164,-5.271622610904746,-0.05791521072387695,5.271622610904746,0.0,0.05791521072387695,False,False,False,True,False,False,True,True,False,False,0.2754491017964072,0.10778443113772455,0.8862275449101796,1.0,1.0,0.3532934131736527,0.9431137724550898
93,CNN,CNN,GAN,CNN,CNN,5,0,0,GAN,0,5,0,GAN,0,3,0,CNN,3,1,0,0.14504533882454057,2.3514193963164303,-6.267410979121021,0.30901193618774414,6.267410979121021,0.30901193618774414,0.0,False,False,True,True,True,True,False,False,False,False,0.40119760479041916,0.17365269461077845,0.4431137724550898,1.0,1.0,0.4299401197604791,0.721556886227545
94,CNN,CNN,GAN,CNN,CNN,5,0,0,GAN,1,4,0,GAN,0,3,0,CNN,3,1,0,0.10544605943053675,2.0167180697394542,-4.56316234007101,1.4144525527954102,4.56316234007101,1.4144525527954102,0.0,False,False,True,True,True,True,False,False,False,False,0.17365269461077845,0.41317365269461076,0.4491017964071856,0.8,1.0,0.3947305389221557,0.6645508982035928
95,CNN,CNN,GAN,CNN,CNN,5,0,0,GAN,1,4,0,GAN,0,3,0,CNN,3,1,0,0.1189122403722293,2.030297510727628,-6.241783184723847,1.662243366241455,6.241783184723847,1.662243366241455,0.0,False,False,True,True,True,True,False,False,False,False,0.39520958083832336,0.46706586826347307,0.4550898203592814,0.8,1.0,0.5049101796407186,0.6675449101796407
96,CNN,CNN,GAN,CNN,CNN,5,0,0,GAN,1,4,0,GAN,0,3,0,CNN,3,1,0,0.10973591347474321,1.861522200575127,-6.6540088426873645,2.1362199783325195,6.6540088426873645,2.1362199783325195,0.0,False,False,True,True,True,True,False,False,False,False,0.48502994011976047,0.5389221556886228,0.46107784431137727,0.8,1.0,0.5695808383233534,0.6705389221556886
97,CNN,CNN,GAN,CNN,CNN,5,0,0,GAN,1,4,0,GAN,0,3,0,CNN,3,1,0,0.11858557510186146,1.9282389170604013,-7.950734005538294,2.2119545936584473,7.950734005538294,2.2119545936584473,0.0,False,False,True,True,True,True,False,False,False,False,0.6766467065868264,0.5568862275449101,0.46706586826347307,0.8,1.0,0.6534131736526947,0.6735329341317365
98,CNN,CNN,GAN,CNN,CNN,5,0,0,GAN,2,3,0,GAN,1,2,0,CNN,3,1,0,0.10071449990093678,1.903673699522006,-8.208836636566513,3.8225035667419434,8.208836636566513,3.8225035667419434,0.0,False,False,True,True,True,True,False,False,False,False,0.7844311377245509,0.7784431137724551,0.47305389221556887,0.6,0.6666666666666666,0.7451497005988025,0.5498602794411177
99,CNN,CNN,GAN,CNN,CNN,5,0,0,GAN,2,3,0,GAN,1,2,0,CNN,3,1,0,0.1059237721793197,1.874605488606651,-9.942731751809863,2.418257713317871,9.942731751809863,2.418257713317871,0.0,False,False,True,True,True,True,False,False,False,False,0.9580838323353293,0.5988023952095808,0.47904191616766467,0.6,0.6666666666666666,0.7427544910179641,0.5528542914171657
100,CNN,CNN,GAN,CNN,CNN,5,0,0,GAN,1,4,0,GAN,0,3,0,CNN,3,1,0,0.0951468040128034,1.8892113508257893,-10.289873808000955,1.7049517631530762,10.289873808000955,1.7049517631530762,0.0,False,False,True,True,True,True,False,False,False,False,0.9760479041916168,0.47305389221556887,0.48502994011976047,0.8,1.0,0.7396407185628743,0.6825149700598803
101,CNN,CNN,GAN,CNN,CNN,5,0,0,GAN,1,4,0,GAN,0,3,0,CNN,3,1,0,0.10522638200762746,1.9308868341499235,-9.470583180454003,1.709373950958252,9.470583180454003,1.709373950958252,0.0,False,False,True,True,True,True,False,False,False,False,0.9101796407185628,0.47904191616766467,0.49101796407185627,0.8,1.0,0.7156886227544911,0.6855089820359281
102,CNN,CNN,GAN,CNN,CNN,5,0,0,GAN,1,4,0,GAN,0,3,0,CNN,3,1,0,0.12761680555675597,1.9692920300787762,-8.996887683487799,3.0674586296081543,8.996887683487799,3.0674586296081543,0.0,False,False,True,True,True,True,False,False,False,False,0.8562874251497006,0.7125748502994012,0.49700598802395207,0.8,1.0,0.7875449101796407,0.688502994011976
103,CNN,CNN,GAN,CNN,CNN,5,0,0,GAN,1,4,0,GAN,0,3,0,CNN,3,1,0,0.12877897504430402,2.0365658306232284,-8.817035424043663,1.2120704650878906,8.817035424043663,1.2120704650878906,0.0,False,False,True,True,True,True,False,False,False,False,0.8323353293413174,0.3413173652694611,0.5029940119760479,0.8,1.0,0.6294610778443115,0.6914970059880239
104,CNN,CNN,GAN,CNN,CNN,5,0,0,GAN,1,4,0,GAN,0,3,0,CNN,3,1,0,0.11590094126065908,2.003920540320994,-9.043821735076822,2.5646700859069824,9.043821735076822,2.5646700859069824,0.0,False,False,True,True,True,True,False,False,False,False,0.8622754491017964,0.6167664670658682,0.5089820359281437,0.8,1.0,0.7516167664670659,0.6944910179640719
105,CNN,CNN,GAN,CNN,CNN,5,0,0,GAN,1,4,0,GAN,0,3,0,CNN,3,1,0,0.12193464581447988,2.072450913027879,-10.055477774161222,1.4865074157714844,10.055477774161222,1.4865074157714844,0.0,False,False,True,True,True,True,False,False,False,False,0.9640718562874252,0.437125748502994,0.5149700598802395,0.8,1.0,0.7204790419161677,0.6974850299401197
106,CNN,CNN,GAN,CNN,CNN,5,0,0,GAN,1,4,0,GAN,0,3,0,CNN,3,1,0,0.1302536865229666,1.9166808748080477,-10.087350949227886,0.983945369720459,10.087350949227886,0.983945369720459,0.0,False,False,True,True,True,True,False,False,False,False,0.9700598802395209,0.30538922155688625,0.5209580838323353,0.8,1.0,0.670179640718563,0.7004790419161677
107,CNN,CNN,GAN,CNN,CNN,5,0,0,GAN,1,4,0,GAN,0,3,0,CNN,3,1,0,0.12955304680587088,1.9208396719967098,-8.961583030487635,2.029770851135254,8.961583030487635,2.029770851135254,0.0,False,False,True,True,True,True,False,False,False,False,0.8502994011976048,0.5149700598802395,0.5269461077844312,0.8,1.0,0.7061077844311378,0.7034730538922156
108,CNN,CNN,GAN,CNN,CNN,5,0,0,GAN,1,4,0,GAN,0,3,0,CNN,3,1,0,0.12092295602969705,2.0552604592036374,-7.740820271195744,1.9059581756591797,7.740820271195744,1.9059581756591797,0.0,False,False,True,True,True,True,False,False,False,False,0.6407185628742516,0.49700598802395207,0.5329341317365269,0.8,1.0,0.6150898203592815,0.7064670658682635
109,CNN,CNN,GAN,CNN,CNN,5,0,0,GAN,1,4,0,GAN,0,3,0,CNN,3,1,0,0.1308718044707951,2.0993184979928614,-8.120086906734258,2.1100034713745117,8.120086906734258,2.1100034713745117,0.0,False,False,True,True,True,True,False,False,False,False,0.7544910179640718,0.5329341317365269,0.5389221556886228,0.8,1.0,0.6749700598802395,0.7094610778443113
110,CNN,CNN,GAN,CNN,CNN,5,0,0,GAN,1,4,0,GAN,0,3,0,CNN,3,1,0,0.13897542900036758,2.1398785390547808,-9.90387771246992,0.7616782188415527,9.90387771246992,0.7616782188415527,0.0,False,False,True,True,True,True,False,False,False,False,0.9520958083832335,0.24550898203592814,0.5449101796407185,0.8,1.0,0.6390419161676647,0.7124550898203592
111,CNN,CNN,GAN,CNN,CNN,5,0,0,GAN,1,4,0,GAN,0,3,0,CNN,3,1,0,0.11572643176652397,2.1273321807737027,-9.362192722725592,2.6538472175598145,9.362192722725592,2.6538472175598145,0.0,False,False,True,True,True,True,False,False,False,False,0.8922155688622755,0.6467065868263473,0.5508982035928144,0.8,1.0,0.7755688622754492,0.7154491017964071
112,CNN,CNN,GAN,CNN,CNN,5,0,0,GAN,2,3,0,GAN,0,3,0,CNN,4,0,0,0.14355939460849954,2.174958536353433,-8.124974718265669,1.0445513725280762,8.124974718265669,1.0445513725280762,0.0,False,False,True,True,True,True,False,False,False,False,0.7664670658682635,0.31137724550898205,0.5568862275449101,0.6,1.0,0.5511377245508983,0.6584431137724551
113,CNN,CNN,GAN,CNN,CNN,5,0,0,GAN,2,3,0,GAN,0,3,0,CNN,4,0,0,0.1384873678524578,2.195212569951156,-7.595174112833238,1.4465765953063965,7.595174112833238,1.4465765953063965,0.0,False,False,True,True,True,True,False,False,False,False,0.6167664670658682,0.4311377245508982,0.562874251497006,0.6,1.0,0.5391616766467066,0.661437125748503
114,CNN,CNN,GAN,CNN,CNN,5,0,0,GAN,2,3,0,GAN,1,2,0,CNN,3,1,0,0.1347290641059784,2.111264849783769,-7.692607463023744,0.7752566337585449,7.692607463023744,0.7752566337585449,0.0,False,False,True,True,True,True,False,False,False,False,0.6347305389221557,0.2634730538922156,0.5688622754491018,0.6,0.6666666666666666,0.4792814371257485,0.5977644710578842
115,CNN,CNN,GAN,CNN,CNN,5,0,0,GAN,2,3,0,GAN,0,3,0,CNN,4,0,0,0.12250739640195163,2.0656047850637336,-8.017977889692844,2.542202949523926,8.017977889692844,2.542202949523926,0.0,False,False,True,True,True,True,False,False,False,False,0.718562874251497,0.6047904191616766,0.5748502994011976,0.6,1.0,0.6493413173652695,0.6674251497005987
116,CNN,CNN,GAN,CNN,CNN,5,0,0,GAN,2,3,0,GAN,0,3,0,CNN,4,0,0,0.1287467284128092,2.022247716075089,-7.966369916091313,2.286045551300049,7.966369916091313,2.286045551300049,0.0,False,False,True,True,True,True,False,False,False,False,0.6826347305389222,0.5808383233532934,0.5808383233532934,0.6,1.0,0.6253892215568863,0.6704191616766467
117,CNN,CNN,GAN,CNN,CNN,5,0,0,GAN,2,3,0,GAN,0,3,0,CNN,4,0,0,0.09728037613462914,1.9971830510621622,-8.556231028624595,3.4224677085876465,8.556231028624595,3.4224677085876465,0.0,False,False,True,True,True,True,False,False,False,False,0.8143712574850299,0.7485029940119761,0.5868263473053892,0.6,1.0,0.7451497005988025,0.6734131736526946
118,CNN,CNN,GAN,CNN,CNN,5,0,0,GAN,2,3,0,GAN,0,3,0,CNN,4,0,0,0.10530998405681491,1.705842701338792,-8.031831030186268,2.6222805976867676,8.031831030186268,2.6222805976867676,0.0,False,False,True,True,True,True,False,False,False,False,0.7305389221556886,0.6347305389221557,0.592814371257485,0.6,1.0,0.6661077844311377,0.6764071856287426
119,CNN,CNN,GAN,CNN,CNN,5,0,0,GAN,2,3,0,GAN,0,3,0,CNN,4,0,0,0.0875361585806399,1.7817701013205607,-6.630715218183418,0.9103384017944336,6.630715218183418,0.9103384017944336,0.0,False,False,True,True,True,True,False,False,False,False,0.47904191616766467,0.2934131736526946,0.5988023952095808,0.6,1.0,0.4289820359281437,0.6794011976047905
120,CNN,CNN,GAN,CNN,CNN,5,0,0,GAN,2,3,0,GAN,0,3,0,CNN,4,0,0,0.11790593943149036,1.816148601735783,-6.617869275127962,3.0447893142700195,6.617869275127962,3.0447893142700195,0.0,False,False,True,True,True,True,False,False,False,False,0.46706586826347307,0.7005988023952096,0.6047904191616766,0.6,1.0,0.5870658682634731,0.6823952095808383
121,CNN,CNN,GAN,CNN,CNN,5,0,0,GAN,2,3,0,GAN,0,3,0,CNN,4,0,0,0.12185016036191137,1.8058004488939652,-7.7639999506432815,2.161287307739258,7.7639999506432815,2.161287307739258,0.0,False,False,True,True,True,True,False,False,False,False,0.6467065868263473,0.5449101796407185,0.6107784431137725,0.6,1.0,0.5966467065868264,0.6853892215568862
122,CNN,CNN,GAN,CNN,CNN,5,0,0,GAN,2,3,0,GAN,0,3,0,CNN,4,0,0,0.12428723038408929,1.8897152351163093,-5.526169067281831,2.1857194900512695,5.526169067281831,2.1857194900512695,0.0,False,False,True,True,True,True,False,False,False,False,0.2994011976047904,0.5508982035928144,0.6167664670658682,0.6,1.0,0.4601197604790419,0.6883832335329341
123,CNN,CNN,GAN,CNN,CNN,5,0,0,GAN,1,4,0,GAN,0,3,0,CNN,4,0,0,0.10982769172854978,2.090327401248633,-6.980720082155294,2.235123634338379,6.980720082155294,2.235123634338379,0.0,False,False,True,True,True,True,False,False,False,False,0.5269461077844312,0.562874251497006,0.6227544910179641,0.8,1.0,0.595928143712575,0.751377245508982
124,CNN,CNN,GAN,CNN,CNN,5,0,0,GAN,1,4,0,GAN,0,3,0,CNN,4,0,0,0.13336664565330741,2.0131977435239357,-6.0647962158597615,0.6523103713989258,6.0647962158597615,0.6523103713989258,0.0,False,False,True,True,True,True,False,False,False,False,0.3652694610778443,0.2215568862275449,0.6287425149700598,0.8,1.0,0.3947305389221557,0.7543712574850299
125,CNN,CNN,GAN,CNN,CNN,5,0,0,GAN,2,3,0,GAN,0,3,0,CNN,4,0,0,0.12673437742183102,2.1808581607315247,-7.126238062395565,4.338579177856445,7.126238062395565,4.338579177856445,0.0,False,False,True,True,True,True,False,False,False,False,0.5688622754491018,0.8323353293413174,0.6347305389221557,0.6,1.0,0.6804790419161677,0.6973652694610779
126,CNN,CNN,GAN,CNN,CNN,5,0,0,GAN,2,3,0,GAN,0,3,0,CNN,4,0,0,0.12270167815662053,2.197299240874205,-5.133764029154648,3.0600662231445312,5.133764029154648,3.0600662231445312,0.0,False,False,True,True,True,True,False,False,False,False,0.25149700598802394,0.7065868263473054,0.6407185628742516,0.6,1.0,0.5032335329341318,0.7003592814371258
127,CNN,CNN,GAN,CNN,CNN,5,0,0,GAN,2,3,0,GAN,0,3,0,CNN,4,0,0,0.10755880410722646,2.0750441520013965,-5.144634138113606,7.9594268798828125,5.144634138113606,7.9594268798828125,0.0,False,False,True,True,True,True,False,False,False,False,0.25748502994011974,0.9580838323353293,0.6467065868263473,0.6,1.0,0.6062275449101797,0.7033532934131737
128,CNN,CNN,GAN,CNN,CNN,5,0,0,GAN,1,4,0,GAN,0,3,0,CNN,3,1,0,0.08438760041227283,2.048905170822824,-5.076671104988229,1.8067193031311035,5.076671104988229,1.8067193031311035,0.0,False,False,True,True,True,True,False,False,False,False,0.23353293413173654,0.48502994011976047,0.6526946107784432,0.8,1.0,0.4474251497005989,0.7663473053892216
129,CNN,CNN,GAN,CNN,CNN,5,0,0,GAN,1,4,0,GAN,1,2,0,CNN,3,1,0,0.10476845752024672,2.009662420169054,-5.255362053582768,3.9656615257263184,5.255362053582768,3.9656615257263184,0.0,False,False,True,True,True,True,False,False,False,False,0.2694610778443114,0.7904191616766467,0.6586826347305389,0.8,0.6666666666666666,0.5839520958083833,0.7026746506986028
130,CNN,CNN,GAN,CNN,CNN,5,0,0,GAN,1,4,0,GAN,1,2,0,CNN,3,1,0,0.07613100796354655,2.04625084785998,-6.490211588256553,5.7041802406311035,6.490211588256553,5.7041802406311035,0.0,False,False,True,True,True,True,False,False,False,False,0.4550898203592814,0.8922155688622755,0.6646706586826348,0.8,0.6666666666666666,0.6989221556886228,0.7056686626746507
131,CNN,CNN,GAN,CNN,CNN,5,0,0,GAN,2,3,0,GAN,1,2,0,CNN,3,1,0,0.06985853975907819,1.9041624010562366,-7.820440760823885,5.808531761169434,7.820440760823885,5.808531761169434,0.0,False,True,True,True,True,True,False,False,False,False,0.6646706586826348,0.9041916167664671,0.6706586826347305,0.6,0.6666666666666666,0.7475449101796408,0.6486626746506985
132,CNN,CNN,GAN,CNN,CNN,5,0,0,GAN,1,4,0,GAN,0,3,0,CNN,3,1,0,0.07923297597374701,1.898048295421983,-8.018594916640794,6.05672025680542,8.018594916640794,6.05672025680542,0.0,False,False,True,True,True,True,False,False,False,False,0.7245508982035929,0.9221556886227545,0.6766467065868264,0.8,1.0,0.818682634730539,0.7783233532934131
133,CNN,CNN,GAN,CNN,CNN,5,0,0,GAN,1,4,0,GAN,0,3,0,CNN,3,1,0,0.08981819590595297,1.741105425299601,-8.92819673201533,1.347501277923584,8.92819673201533,1.347501277923584,0.0,False,False,True,True,True,True,False,False,False,False,0.8383233532934131,0.39520958083832336,0.6826347305389222,0.8,1.0,0.6534131736526947,0.7813173652694612
134,CNN,CNN,GAN,CNN,CNN,5,0,0,GAN,2,3,0,CNN,2,1,0,CNN,3,1,0,0.08387814784783032,2.096018304414809,-9.478339292481586,6.135213851928711,9.478339292481586,6.135213851928711,0.0,False,False,True,True,True,True,False,False,False,False,0.9161676646706587,0.9281437125748503,0.688622754491018,0.6,0.3333333333333333,0.8577245508982037,0.5909780439121757
135,CNN,CNN,GAN,CNN,CNN,5,0,0,GAN,1,4,0,GAN,1,2,0,CNN,3,1,0,0.09205202282596825,2.251684837638834,-9.44148604242849,5.694131374359131,9.44148604242849,5.694131374359131,0.0,False,False,True,True,True,True,False,False,False,False,0.8982035928143712,0.8802395209580839,0.6946107784431138,0.8,0.6666666666666666,0.8713772455089821,0.7206387225548903
136,CNN,CNN,GAN,CNN,CNN,5,0,0,GAN,1,4,0,GAN,1,2,0,CNN,3,1,0,0.10006432577421787,2.2543534414827384,-8.12090746269578,0.21828317642211914,8.12090746269578,0.21828317642211914,0.0,False,False,True,True,True,True,False,False,False,False,0.7604790419161677,0.1497005988023952,0.7005988023952096,0.8,0.6666666666666666,0.5240718562874253,0.7236327345309381
137,CNN,CNN,GAN,CNN,CNN,5,0,0,GAN,1,4,0,GAN,1,2,0,CNN,3,1,0,0.12311020188442612,2.094749829701364,-8.34131538768358,4.461348533630371,8.34131538768358,4.461348533630371,0.0,False,False,True,True,True,True,False,False,False,False,0.7904191616766467,0.8383233532934131,0.7065868263473054,0.8,0.6666666666666666,0.811497005988024,0.726626746506986
138,CNN,CNN,GAN,CNN,CNN,5,0,0,GAN,1,4,0,GAN,1,2,0,CNN,3,1,0,0.0980449202538215,2.2165355760404886,-7.676059727942025,2.655005931854248,7.676059727942025,2.655005931854248,0.0,False,False,True,True,True,True,False,False,False,False,0.6287425149700598,0.6526946107784432,0.7125748502994012,0.8,0.6666666666666666,0.6725748502994012,0.7296207584830339
139,CNN,CNN,GAN,CNN,CNN,5,0,0,GAN,1,4,0,CNN,2,1,0,CNN,3,1,0,0.12307582166058095,2.393229825574842,-8.175043531028457,4.142480850219727,8.175043531028457,4.142480850219727,0.0,False,False,True,True,True,True,False,False,False,False,0.7724550898203593,0.8083832335329342,0.718562874251497,0.8,0.3333333333333333,0.7923353293413175,0.6659481037924151
140,CNN,CNN,GAN,CNN,CNN,5,0,0,GAN,1,4,0,CNN,2,1,0,CNN,3,1,0,0.10331821313228151,2.2800949818658225,-9.296397381089918,5.7023210525512695,9.296397381089918,5.7023210525512695,0.0,False,False,True,True,True,True,False,False,False,False,0.8802395209580839,0.8862275449101796,0.7245508982035929,0.8,0.3333333333333333,0.8665868263473054,0.6689421157684631
141,CNN,CNN,GAN,CNN,CNN,5,0,0,GAN,2,3,0,CNN,3,0,0,CNN,3,1,0,0.08465068958390826,2.1585167101309573,-7.771418729452456,2.7024788856506348,7.771418729452456,2.7024788856506348,0.0,False,False,True,True,True,True,False,False,False,False,0.6526946107784432,0.6826347305389222,0.7305389221556886,0.6,0.0,0.6541317365269462,0.5452694610778444
142,CNN,CNN,GAN,CNN,CNN,5,0,0,GAN,2,3,0,CNN,3,0,0,CNN,3,1,0,0.0691084535250368,1.947052354416055,-6.455991458989871,1.3729782104492188,6.455991458989871,1.3729782104492188,0.0,False,True,True,True,True,True,False,False,False,False,0.4431137724550898,0.40718562874251496,0.7365269461077845,0.6,0.0,0.4601197604790419,0.5482634730538922
143,CNN,CNN,GAN,CNN,CNN,5,0,0,GAN,2,3,0,CNN,3,0,0,CNN,3,1,0,0.07791359872818804,1.9990306355937335,-6.120636687146241,3.7852401733398438,6.120636687146241,3.7852401733398438,0.0,False,False,True,True,True,True,False,False,False,False,0.3772455089820359,0.7724550898203593,0.7425149700598802,0.6,0.0,0.5798802395209581,0.5512574850299401
144,CNN,CNN,GAN,CNN,CNN,5,0,0,GAN,2,3,0,CNN,3,0,0,CNN,3,1,0,0.09306487839824762,2.019738957230633,-7.048108790375689,4.21088981628418,7.048108790375689,4.21088981628418,0.0,False,False,True,True,True,True,False,False,False,False,0.5508982035928144,0.8203592814371258,0.7485029940119761,0.6,0.0,0.6685029940119761,0.554251497005988
145,CNN,CNN,GAN,CNN,CNN,5,0,0,GAN,2,3,0,CNN,3,0,0,CNN,3,1,0,0.08493426525393083,2.0492667893653973,-5.128347593491711,2.6556878089904785,5.128347593491711,2.6556878089904785,0.0,False,False,True,True,True,True,False,False,False,False,0.24550898203592814,0.6586826347305389,0.7544910179640718,0.6,0.0,0.48167664670658683,0.5572455089820358
146,CNN,CNN,GAN,CNN,CNN,5,0,0,GAN,2,3,0,CNN,3,0,0,CNN,3,1,0,0.0570153789847162,2.1549228666019893,-5.4205254854759275,1.0969176292419434,5.4205254854759275,1.0969176292419434,0.0,False,True,True,True,True,True,False,False,False,False,0.2934131736526946,0.32335329341317365,0.7604790419161677,0.6,0.0,0.36670658682634727,0.5602395209580838
147,CNN,CNN,GAN,CNN,CNN,5,0,0,GAN,2,3,0,CNN,3,0,0,CNN,3,1,0,0.08994853828299282,1.9559436041730045,-4.581879307687107,1.223832130432129,4.581879307687107,1.223832130432129,0.0,False,False,True,True,True,True,False,False,False,False,0.17964071856287425,0.3473053892215569,0.7664670658682635,0.6,0.0,0.33077844311377247,0.5632335329341318
148,CNN,CNN,GAN,CNN,CNN,5,0,0,GAN,2,3,0,CNN,3,0,0,CNN,3,1,0,0.08568355831993513,1.9579144852403338,-5.125291982634703,3.867703914642334,5.125291982634703,3.867703914642334,0.0,False,False,True,True,True,True,False,False,False,False,0.23952095808383234,0.7844311377245509,0.7724550898203593,0.6,0.0,0.5295808383233533,0.5662275449101797
149,CNN,CNN,GAN,CNN,CNN,5,0,0,GAN,2,3,0,CNN,3,0,0,CNN,3,1,0,0.06517806155058314,2.0023693777548885,-3.8333865323856244,2.285673141479492,3.8333865323856244,2.285673141479492,0.0,False,True,True,True,True,True,False,False,False,False,0.10778443113772455,0.5748502994011976,0.7784431137724551,0.6,0.0,0.39305389221556886,0.5692215568862276
150,CNN,CNN,GAN,CNN,CNN,5,0,0,GAN,2,3,0,CNN,3,0,0,CNN,3,1,0,0.08315123320703433,2.089796531659001,-3.9358206793413544,2.6323680877685547,3.9358206793413544,2.6323680877685547,0.0,False,False,True,True,True,True,False,False,False,False,0.1317365269461078,0.6407185628742516,0.7844311377245509,0.6,0.0,0.42898203592814377,0.5722155688622754
151,CNN,CNN,GAN,CNN,CNN,5,0,0,GAN,2,3,0,CNN,3,0,0,CNN,3,1,0,0.12196292003067422,2.216248999590281,-4.643215555565661,1.8797898292541504,4.643215555565661,1.8797898292541504,0.0,False,False,True,True,True,True,False,False,False,False,0.18562874251497005,0.49101796407185627,0.7904191616766467,0.6,0.0,0.3906586826347305,0.5752095808383233
152,CNN,CNN,GAN,CNN,CNN,5,0,0,GAN,2,3,0,CNN,3,0,0,CNN,3,1,0,0.09669302971226035,2.0945243041664945,-7.255331272773191,2.547067642211914,7.255331272773191,2.547067642211914,0.0,False,False,True,True,True,True,False,False,False,False,0.592814371257485,0.6107784431137725,0.7964071856287425,0.6,0.0,0.601437125748503,0.5782035928143712
153,CNN,CNN,GAN,CNN,CNN,5,0,0,GAN,2,3,0,CNN,3,0,0,CNN,3,1,0,0.10634944070246027,2.2870798675624116,-8.931151269300909,0.25815296173095703,8.931151269300909,0.25815296173095703,0.0,False,False,True,True,True,True,False,False,False,False,0.844311377245509,0.16167664670658682,0.8023952095808383,0.6,0.0,0.5223952095808384,0.5811976047904192
154,CNN,CNN,GAN,GAN,CNN,5,0,0,GAN,2,3,0,CNN,3,0,0,CNN,3,1,0,0.10406053040229418,2.3385954973982557,-8.475723699916077,-0.15301227569580078,8.475723699916077,0.0,0.15301227569580078,False,False,False,True,False,False,True,True,False,False,0.8083832335329342,0.11377245508982035,0.9161676646706587,0.6,0.0,0.4888622754491018,0.6380838323353293
155,CNN,CNN,GAN,CNN,CNN,5,0,0,GAN,2,3,0,CNN,3,0,0,CNN,3,1,0,0.1122531880361895,2.360010178482195,-8.644697509302645,0.19898366928100586,8.644697509302645,0.19898366928100586,0.0,False,False,True,True,True,True,False,False,False,False,0.8203592814371258,0.1377245508982036,0.8083832335329342,0.6,0.0,0.5032335329341318,0.5841916167664671
156,CNN,CNN,GAN,CNN,CNN,5,0,0,GAN,2,3,0,CNN,3,0,0,CNN,3,1,0,0.06570201672905684,2.318093565215449,-7.2842536531565045,4.1016845703125,7.2842536531565045,4.1016845703125,0.0,False,True,True,True,True,True,False,False,False,False,0.5988023952095808,0.8023952095808383,0.8143712574850299,0.6,0.0,0.6804790419161677,0.587185628742515
157,CNN,CNN,GAN,CNN,CNN,5,0,0,GAN,2,3,0,CNN,3,0,0,CNN,3,1,0,0.06866024424592382,2.163860878660767,-6.887757988705218,3.7152161598205566,6.887757988705218,3.7152161598205566,0.0,False,True,True,True,True,True,False,False,False,False,0.5149700598802395,0.7664670658682635,0.8203592814371258,0.6,0.0,0.6325748502994012,0.5901796407185629
158,CNN,CNN,GAN,CNN,CNN,5,0,0,GAN,2,3,0,CNN,3,0,0,CNN,3,1,0,0.08196426798123763,2.4028312062193287,-4.3538933108596325,2.6038689613342285,4.3538933108596325,2.6038689613342285,0.0,False,False,True,True,True,True,False,False,False,False,0.1497005988023952,0.6287425149700598,0.8263473053892215,0.6,0.0,0.43137724550898204,0.5931736526946108
159,CNN,CNN,GAN,CNN,CNN,5,0,0,GAN,2,3,0,CNN,2,1,0,CNN,3,1,0,0.07371145661964895,2.942179221598174,-4.465265450892421,5.68810510635376,4.465265450892421,5.68810510635376,0.0,False,True,True,True,True,True,False,False,False,False,0.16167664670658682,0.874251497005988,0.8323353293413174,0.6,0.3333333333333333,0.5343712574850299,0.6628343313373253
160,CNN,CNN,GAN,CNN,CNN,5,0,0,GAN,2,3,0,CNN,3,0,0,CNN,3,1,0,0.08200285474069036,3.133251837748105,-1.0482620422847546,8.727617263793945,1.0482620422847546,8.727617263793945,0.0,False,False,True,True,True,True,False,False,False,False,0.017964071856287425,0.9700598802395209,0.8383233532934131,0.6,0.0,0.5152095808383235,0.5991616766467065
161,CNN,CNN,GAN,CNN,CNN,5,0,0,GAN,1,4,0,CNN,2,1,0,CNN,3,1,0,0.08724827062064222,2.904065111486112,-0.30757661646189405,5.9941935539245605,0.30757661646189405,5.9941935539245605,0.0,False,False,True,True,True,True,False,False,False,False,0.011976047904191617,0.9161676646706587,0.844311377245509,0.8,0.3333333333333333,0.5312574850299402,0.7288223552894211
162,CNN,CNN,CNN,CNN,CNN,5,0,0,GAN,1,4,0,GAN,1,2,0,CNN,3,1,0,0.07850452004250241,2.501682545767615,1.186826702064554,5.155174732208252,0.0,5.155174732208252,0.0,False,False,True,True,False,False,False,False,True,False,0.0,0.8682634730538922,0.8502994011976048,0.8,0.6666666666666666,0.5073053892215569,0.7984830339321357
163,CNN,CNN,CNN,CNN,CNN,5,0,0,CNN,3,2,0,CNN,2,1,0,CNN,3,1,0,0.10538493313289166,2.495858813291271,1.0759971108818718,1.0900354385375977,0.0,1.0900354385375977,0.0,False,False,True,False,False,False,False,False,True,False,0.005988023952095809,0.31736526946107785,0.8562874251497006,0.4,0.3333333333333333,0.20934131736526948,0.6148103792415169
164,CNN,CNN,GAN,CNN,CNN,5,0,0,CNN,3,2,0,CNN,3,0,0,CNN,3,1,0,0.08565454744763146,2.1464307489886707,-2.6340155800990708,5.725895881652832,2.6340155800990708,5.725895881652832,0.0,False,False,True,False,True,True,False,False,False,False,0.07784431137724551,0.8982035928143712,0.8622754491017964,0.4,0.0,0.4704191616766467,0.5511377245508982
165,CNN,CNN,GAN,CNN,CNN,5,0,0,CNN,3,2,0,CNN,2,1,0,CNN,3,1,0,0.08414413842906565,1.7378899777949357,-2.38914275893994,6.210072040557861,2.38914275893994,6.210072040557861,0.0,False,False,True,False,True,True,False,False,False,False,0.0718562874251497,0.9341317365269461,0.8682634730538922,0.4,0.3333333333333333,0.48239520958083837,0.6207984031936127
166,CNN,CNN,GAN,CNN,CNN,5,0,0,CNN,3,2,0,CNN,3,0,0,CNN,3,1,0,0.07815784739821674,1.1834867226549335,-3.0938111255100793,4.477466583251953,3.0938111255100793,4.477466583251953,0.0,False,False,True,False,True,True,False,False,False,False,0.08383233532934131,0.844311377245509,0.874251497005988,0.4,0.0,0.4512574850299402,0.557125748502994
167,CNN,CNN,GAN,CNN,CNN,4,1,0,CNN,3,2,0,CNN,2,1,0,CNN,3,1,0,0.06198257426533227,0.9819433088816645,-1.8187750228534583,1.443559169769287,1.8187750228534583,1.443559169769287,0.0,False,True,True,False,True,True,False,False,False,False,0.03592814371257485,0.4251497005988024,0.8802395209580839,0.4,0.3333333333333333,0.26443113772455096,0.6267864271457086
