key,method,pd_distance,mt_distance,error
candidateDpd_expanded672_s0_speed_p160_x0_y0,candidateDpd_expanded672,26.666529560233784,4.804713249206543,
candidateDpd_expanded672_s100_speed_p160_x0_y0,candidateDpd_expanded672,32.29668445739447,6.419517517089844,
candidateDpd_expanded672_s101_speed_p160_x0_y0,candidateDpd_expanded672,31.60198180816144,5.800354480743408,
candidateDpd_expanded672_s102_speed_p160_x0_y0,candidateDpd_expanded672,30.37843096436391,5.216141223907471,
candidateDpd_expanded672_s103_speed_p160_x0_y0,candidateDpd_expanded672,30.716774964720038,5.400722980499268,
candidateDpd_expanded672_s104_speed_p160_x0_y0,candidateDpd_expanded672,30.17101225499294,5.006143569946289,
candidateDpd_expanded672_s105_speed_p160_x0_y0,candidateDpd_expanded672,30.184332056133705,5.289511203765869,
candidateDpd_expanded672_s106_speed_p160_x0_y0,candidateDpd_expanded672,30.8931416582941,6.010871887207031,
candidateDpd_expanded672_s107_speed_p160_x0_y0,candidateDpd_expanded672,30.45720337678478,5.616254806518555,
candidateDpd_expanded672_s108_speed_p160_x0_y0,candidateDpd_expanded672,29.641213553290534,5.794633865356445,
candidateDpd_expanded672_s109_speed_p160_x0_y0,candidateDpd_expanded672,29.781528363636824,5.397735595703125,
candidateDpd_expanded672_s10_speed_p160_x0_y0,candidateDpd_expanded672,30.858865427505354,7.05263090133667,
candidateDpd_expanded672_s110_speed_p160_x0_y0,candidateDpd_expanded672,30.247635631655207,6.0661091804504395,
candidateDpd_expanded672_s111_speed_p160_x0_y0,candidateDpd_expanded672,28.96692467104607,5.702212333679199,
candidateDpd_expanded672_s112_speed_p160_x0_y0,candidateDpd_expanded672,28.47912782336571,5.587779521942139,
candidateDpd_expanded672_s113_speed_p160_x0_y0,candidateDpd_expanded672,27.11303651972489,5.511675834655762,
candidateDpd_expanded672_s114_speed_p160_x0_y0,candidateDpd_expanded672,25.660177917946513,5.10959005355835,
candidateDpd_expanded672_s115_speed_p160_x0_y0,candidateDpd_expanded672,26.500005561855748,4.776047229766846,
candidateDpd_expanded672_s116_speed_p160_x0_y0,candidateDpd_expanded672,26.526291358222714,5.548544406890869,
candidateDpd_expanded672_s117_speed_p160_x0_y0,candidateDpd_expanded672,28.717912633816727,5.498927593231201,
candidateDpd_expanded672_s118_speed_p160_x0_y0,candidateDpd_expanded672,29.949877601348017,7.072665691375732,
candidateDpd_expanded672_s119_speed_p160_x0_y0,candidateDpd_expanded672,29.093085701526142,5.326563835144043,
candidateDpd_expanded672_s11_speed_p160_x0_y0,candidateDpd_expanded672,30.100621457411876,6.434135913848877,
candidateDpd_expanded672_s120_speed_p160_x0_y0,candidateDpd_expanded672,29.52245535016481,5.272160530090332,
candidateDpd_expanded672_s121_speed_p160_x0_y0,candidateDpd_expanded672,30.315612151172285,5.504561424255371,
candidateDpd_expanded672_s122_speed_p160_x0_y0,candidateDpd_expanded672,29.171533262927067,5.721761226654053,
candidateDpd_expanded672_s123_speed_p160_x0_y0,candidateDpd_expanded672,30.0595090313203,6.599393367767334,
candidateDpd_expanded672_s124_speed_p160_x0_y0,candidateDpd_expanded672,29.194102834639953,6.343603134155273,
candidateDpd_expanded672_s125_speed_p160_x0_y0,candidateDpd_expanded672,29.401181836276855,6.0935540199279785,
candidateDpd_expanded672_s126_speed_p160_x0_y0,candidateDpd_expanded672,28.908160334740785,5.2842888832092285,
candidateDpd_expanded672_s127_speed_p160_x0_y0,candidateDpd_expanded672,30.967929273943568,5.4600701332092285,
candidateDpd_expanded672_s128_speed_p160_x0_y0,candidateDpd_expanded672,29.730683778169745,5.90425968170166,
candidateDpd_expanded672_s129_speed_p160_x0_y0,candidateDpd_expanded672,31.059273194534168,6.198476314544678,
candidateDpd_expanded672_s12_speed_p160_x0_y0,candidateDpd_expanded672,31.489942343391363,7.009599685668945,
candidateDpd_expanded672_s130_speed_p160_x0_y0,candidateDpd_expanded672,31.75242841968506,6.850015163421631,
candidateDpd_expanded672_s131_speed_p160_x0_y0,candidateDpd_expanded672,34.42722898604499,7.649085998535156,
candidateDpd_expanded672_s132_speed_p160_x0_y0,candidateDpd_expanded672,35.477200792556836,8.286794662475586,
candidateDpd_expanded672_s133_speed_p160_x0_y0,candidateDpd_expanded672,36.17650585638963,8.383330345153809,
candidateDpd_expanded672_s134_speed_p160_x0_y0,candidateDpd_expanded672,33.96644175649384,7.689846038818359,
candidateDpd_expanded672_s135_speed_p160_x0_y0,candidateDpd_expanded672,31.562577010094866,7.519644737243652,
candidateDpd_expanded672_s136_speed_p160_x0_y0,candidateDpd_expanded672,29.28019275607811,7.300861358642578,
candidateDpd_expanded672_s137_speed_p160_x0_y0,candidateDpd_expanded672,28.12862400102356,5.5858001708984375,
candidateDpd_expanded672_s138_speed_p160_x0_y0,candidateDpd_expanded672,27.48545063587404,5.989367485046387,
candidateDpd_expanded672_s139_speed_p160_x0_y0,candidateDpd_expanded672,26.72457931517799,6.2858567237854,
candidateDpd_expanded672_s13_speed_p160_x0_y0,candidateDpd_expanded672,30.48861839111176,6.679831027984619,
candidateDpd_expanded672_s140_speed_p160_x0_y0,candidateDpd_expanded672,28.185381673155337,6.255383491516113,
candidateDpd_expanded672_s141_speed_p160_x0_y0,candidateDpd_expanded672,31.492320028152193,6.857907772064209,
candidateDpd_expanded672_s142_speed_p160_x0_y0,candidateDpd_expanded672,33.44200119514561,7.9101152420043945,
candidateDpd_expanded672_s143_speed_p160_x0_y0,candidateDpd_expanded672,33.21924994635254,6.849758148193359,
candidateDpd_expanded672_s144_speed_p160_x0_y0,candidateDpd_expanded672,33.84598532944112,6.000586986541748,
candidateDpd_expanded672_s145_speed_p160_x0_y0,candidateDpd_expanded672,32.52773042703913,6.413402080535889,
candidateDpd_expanded672_s146_speed_p160_x0_y0,candidateDpd_expanded672,31.622513328248147,6.852281093597412,
candidateDpd_expanded672_s147_speed_p160_x0_y0,candidateDpd_expanded672,29.27190339655358,6.271339416503906,
candidateDpd_expanded672_s148_speed_p160_x0_y0,candidateDpd_expanded672,28.84007129344994,5.537680149078369,
candidateDpd_expanded672_s149_speed_p160_x0_y0,candidateDpd_expanded672,27.63035760655034,6.382401943206787,
candidateDpd_expanded672_s14_speed_p160_x0_y0,candidateDpd_expanded672,29.563098759906453,5.895854949951172,
candidateDpd_expanded672_s150_speed_p160_x0_y0,candidateDpd_expanded672,26.294141632371563,5.731736183166504,
candidateDpd_expanded672_s151_speed_p160_x0_y0,candidateDpd_expanded672,25.93897283064447,6.0866546630859375,
candidateDpd_expanded672_s152_speed_p160_x0_y0,candidateDpd_expanded672,26.203291817544816,5.836772918701172,
candidateDpd_expanded672_s153_speed_p160_x0_y0,candidateDpd_expanded672,26.224100631282255,6.626781463623047,
candidateDpd_expanded672_s154_speed_p160_x0_y0,candidateDpd_expanded672,26.03818555638794,6.296319484710693,
candidateDpd_expanded672_s155_speed_p160_x0_y0,candidateDpd_expanded672,26.622155555031874,6.3071208000183105,
candidateDpd_expanded672_s156_speed_p160_x0_y0,candidateDpd_expanded672,26.06846400169658,5.5303497314453125,
candidateDpd_expanded672_s157_speed_p160_x0_y0,candidateDpd_expanded672,26.970010587311435,5.3122076988220215,
candidateDpd_expanded672_s158_speed_p160_x0_y0,candidateDpd_expanded672,28.785395762937974,6.417165756225586,
candidateDpd_expanded672_s159_speed_p160_x0_y0,candidateDpd_expanded672,26.067112550534457,5.799592971801758,
candidateDpd_expanded672_s15_speed_p160_x0_y0,candidateDpd_expanded672,27.497804686690518,5.42793607711792,
candidateDpd_expanded672_s160_speed_p160_x0_y0,candidateDpd_expanded672,23.308409320024364,5.909608364105225,
candidateDpd_expanded672_s161_speed_p160_x0_y0,candidateDpd_expanded672,21.626505818603686,4.678044319152832,
candidateDpd_expanded672_s162_speed_p160_x0_y0,candidateDpd_expanded672,20.160857445729068,4.490620136260986,
candidateDpd_expanded672_s163_speed_p160_x0_y0,candidateDpd_expanded672,21.27937352123644,4.7373504638671875,
candidateDpd_expanded672_s164_speed_p160_x0_y0,candidateDpd_expanded672,23.75691469853999,5.690972805023193,
candidateDpd_expanded672_s165_speed_p160_x0_y0,candidateDpd_expanded672,25.613273534679774,6.27132511138916,
candidateDpd_expanded672_s166_speed_p160_x0_y0,candidateDpd_expanded672,26.609812913129492,5.538632392883301,
candidateDpd_expanded672_s167_speed_p160_x0_y0,candidateDpd_expanded672,26.67603106428461,5.189915657043457,
candidateDpd_expanded672_s16_speed_p160_x0_y0,candidateDpd_expanded672,24.624581415359515,6.081127166748047,
candidateDpd_expanded672_s17_speed_p160_x0_y0,candidateDpd_expanded672,21.822812166218604,5.459958553314209,
candidateDpd_expanded672_s18_speed_p160_x0_y0,candidateDpd_expanded672,21.572367685368768,6.394485950469971,
candidateDpd_expanded672_s19_speed_p160_x0_y0,candidateDpd_expanded672,22.00970603975246,7.26243782043457,
candidateDpd_expanded672_s1_speed_p160_x0_y0,candidateDpd_expanded672,27.199775833907864,5.912221431732178,
candidateDpd_expanded672_s20_speed_p160_x0_y0,candidateDpd_expanded672,23.17746912226685,7.04727029800415,
candidateDpd_expanded672_s21_speed_p160_x0_y0,candidateDpd_expanded672,28.506264351140146,8.98764419555664,
candidateDpd_expanded672_s22_speed_p160_x0_y0,candidateDpd_expanded672,35.07438544210578,9.608089447021484,
candidateDpd_expanded672_s23_speed_p160_x0_y0,candidateDpd_expanded672,36.99166333187084,8.039383888244629,
candidateDpd_expanded672_s24_speed_p160_x0_y0,candidateDpd_expanded672,38.09014840425633,6.573113918304443,
candidateDpd_expanded672_s25_speed_p160_x0_y0,candidateDpd_expanded672,38.98809601813567,6.65621280670166,
candidateDpd_expanded672_s26_speed_p160_x0_y0,candidateDpd_expanded672,38.82793225529149,6.539699554443359,
candidateDpd_expanded672_s27_speed_p160_x0_y0,candidateDpd_expanded672,40.22094253730661,6.639596939086914,
candidateDpd_expanded672_s28_speed_p160_x0_y0,candidateDpd_expanded672,41.87183498496704,7.852927207946777,
candidateDpd_expanded672_s29_speed_p160_x0_y0,candidateDpd_expanded672,42.00668184970029,7.334672927856445,
candidateDpd_expanded672_s2_speed_p160_x0_y0,candidateDpd_expanded672,27.452083035047494,4.980316162109375,
candidateDpd_expanded672_s30_speed_p160_x0_y0,candidateDpd_expanded672,42.44885057067635,7.244046211242676,
candidateDpd_expanded672_s31_speed_p160_x0_y0,candidateDpd_expanded672,41.63269474743874,8.004610061645508,
candidateDpd_expanded672_s32_speed_p160_x0_y0,candidateDpd_expanded672,40.681196575303325,7.238312244415283,
candidateDpd_expanded672_s33_speed_p160_x0_y0,candidateDpd_expanded672,40.475954676783736,7.355075836181641,
candidateDpd_expanded672_s34_speed_p160_x0_y0,candidateDpd_expanded672,39.64954590985346,7.434180736541748,
candidateDpd_expanded672_s35_speed_p160_x0_y0,candidateDpd_expanded672,38.50488433183661,7.748749256134033,
candidateDpd_expanded672_s36_speed_p160_x0_y0,candidateDpd_expanded672,37.93253014414966,6.408791542053223,
candidateDpd_expanded672_s37_speed_p160_x0_y0,candidateDpd_expanded672,36.088028954165985,7.100253582000732,
candidateDpd_expanded672_s38_speed_p160_x0_y0,candidateDpd_expanded672,31.521392073340564,7.8017354011535645,
candidateDpd_expanded672_s39_speed_p160_x0_y0,candidateDpd_expanded672,27.464594058334722,6.526381492614746,
candidateDpd_expanded672_s3_speed_p160_x0_y0,candidateDpd_expanded672,27.968919037346232,5.464405059814453,
candidateDpd_expanded672_s40_speed_p160_x0_y0,candidateDpd_expanded672,25.965436978003623,6.837894916534424,
candidateDpd_expanded672_s41_speed_p160_x0_y0,candidateDpd_expanded672,24.75303472892471,5.801996231079102,
candidateDpd_expanded672_s42_speed_p160_x0_y0,candidateDpd_expanded672,22.823372862578083,6.265374183654785,
candidateDpd_expanded672_s43_speed_p160_x0_y0,candidateDpd_expanded672,21.6325609172476,5.965972423553467,
candidateDpd_expanded672_s44_speed_p160_x0_y0,candidateDpd_expanded672,20.588149282437204,6.444589614868164,
candidateDpd_expanded672_s45_speed_p160_x0_y0,candidateDpd_expanded672,21.202463172095595,6.5168962478637695,
candidateDpd_expanded672_s46_speed_p160_x0_y0,candidateDpd_expanded672,21.32218881793605,6.471496105194092,
candidateDpd_expanded672_s47_speed_p160_x0_y0,candidateDpd_expanded672,22.604589120490502,6.472858905792236,
candidateDpd_expanded672_s48_speed_p160_x0_y0,candidateDpd_expanded672,23.305180804883612,7.049919128417969,
candidateDpd_expanded672_s49_speed_p160_x0_y0,candidateDpd_expanded672,22.627724010382174,6.969578742980957,
candidateDpd_expanded672_s4_speed_p160_x0_y0,candidateDpd_expanded672,27.708096972154433,5.136021137237549,
candidateDpd_expanded672_s50_speed_p160_x0_y0,candidateDpd_expanded672,21.681815742656553,6.301584720611572,
candidateDpd_expanded672_s51_speed_p160_x0_y0,candidateDpd_expanded672,22.26117298105159,5.846235275268555,
candidateDpd_expanded672_s52_speed_p160_x0_y0,candidateDpd_expanded672,22.501899337358566,5.855659484863281,
candidateDpd_expanded672_s53_speed_p160_x0_y0,candidateDpd_expanded672,22.521388464745026,5.47814416885376,
candidateDpd_expanded672_s54_speed_p160_x0_y0,candidateDpd_expanded672,23.427874748844275,5.7834248542785645,
candidateDpd_expanded672_s55_speed_p160_x0_y0,candidateDpd_expanded672,24.134434557674155,5.300041198730469,
candidateDpd_expanded672_s56_speed_p160_x0_y0,candidateDpd_expanded672,24.742329037560264,5.666345596313477,
candidateDpd_expanded672_s57_speed_p160_x0_y0,candidateDpd_expanded672,25.368472813995695,5.778736114501953,
candidateDpd_expanded672_s58_speed_p160_x0_y0,candidateDpd_expanded672,25.97630332713742,6.387360572814941,
candidateDpd_expanded672_s59_speed_p160_x0_y0,candidateDpd_expanded672,26.2132964823289,5.827877521514893,
candidateDpd_expanded672_s5_speed_p160_x0_y0,candidateDpd_expanded672,29.30090129760922,4.940623760223389,
candidateDpd_expanded672_s60_speed_p160_x0_y0,candidateDpd_expanded672,26.28625899822967,5.533708095550537,
candidateDpd_expanded672_s61_speed_p160_x0_y0,candidateDpd_expanded672,26.229440816048378,5.726202011108398,
candidateDpd_expanded672_s62_speed_p160_x0_y0,candidateDpd_expanded672,28.06038241571139,7.413676738739014,
candidateDpd_expanded672_s63_speed_p160_x0_y0,candidateDpd_expanded672,29.024274936942682,7.8436665534973145,
candidateDpd_expanded672_s64_speed_p160_x0_y0,candidateDpd_expanded672,25.167975236349683,6.372583866119385,
candidateDpd_expanded672_s65_speed_p160_x0_y0,candidateDpd_expanded672,22.58212251705824,5.900317192077637,
candidateDpd_expanded672_s66_speed_p160_x0_y0,candidateDpd_expanded672,21.500012515889978,5.973415851593018,
candidateDpd_expanded672_s67_speed_p160_x0_y0,candidateDpd_expanded672,21.14447623018022,5.273502826690674,
candidateDpd_expanded672_s68_speed_p160_x0_y0,candidateDpd_expanded672,22.233528047784482,6.438769340515137,
candidateDpd_expanded672_s69_speed_p160_x0_y0,candidateDpd_expanded672,24.93980706539931,5.51934814453125,
candidateDpd_expanded672_s6_speed_p160_x0_y0,candidateDpd_expanded672,29.882078653392675,7.656750202178955,
candidateDpd_expanded672_s70_speed_p160_x0_y0,candidateDpd_expanded672,25.55878649089108,5.77507209777832,
candidateDpd_expanded672_s71_speed_p160_x0_y0,candidateDpd_expanded672,26.358919932457205,5.195189476013184,
candidateDpd_expanded672_s72_speed_p160_x0_y0,candidateDpd_expanded672,27.223228718934163,4.946654319763184,
candidateDpd_expanded672_s73_speed_p160_x0_y0,candidateDpd_expanded672,27.93642202034783,5.295748710632324,
candidateDpd_expanded672_s74_speed_p160_x0_y0,candidateDpd_expanded672,29.110029474721106,5.018452167510986,
candidateDpd_expanded672_s75_speed_p160_x0_y0,candidateDpd_expanded672,30.1191095661006,5.644851207733154,
candidateDpd_expanded672_s76_speed_p160_x0_y0,candidateDpd_expanded672,30.772042518392308,5.621290683746338,
candidateDpd_expanded672_s77_speed_p160_x0_y0,candidateDpd_expanded672,30.444486749796713,6.406846523284912,
candidateDpd_expanded672_s78_speed_p160_x0_y0,candidateDpd_expanded672,30.895409979640593,6.392919063568115,
candidateDpd_expanded672_s79_speed_p160_x0_y0,candidateDpd_expanded672,30.779447671679275,7.307291030883789,
candidateDpd_expanded672_s7_speed_p160_x0_y0,candidateDpd_expanded672,30.802761801711558,5.756718635559082,
candidateDpd_expanded672_s80_speed_p160_x0_y0,candidateDpd_expanded672,30.61781878564777,7.060382843017578,
candidateDpd_expanded672_s81_speed_p160_x0_y0,candidateDpd_expanded672,30.385907650224723,6.8297953605651855,
candidateDpd_expanded672_s82_speed_p160_x0_y0,candidateDpd_expanded672,29.725230381350695,7.847750663757324,
candidateDpd_expanded672_s83_speed_p160_x0_y0,candidateDpd_expanded672,28.932906258819905,6.730490207672119,
candidateDpd_expanded672_s84_speed_p160_x0_y0,candidateDpd_expanded672,29.57118919554255,6.183201789855957,
candidateDpd_expanded672_s85_speed_p160_x0_y0,candidateDpd_expanded672,29.349005061936467,5.827697277069092,
candidateDpd_expanded672_s86_speed_p160_x0_y0,candidateDpd_expanded672,29.85054906371362,5.433422565460205,
candidateDpd_expanded672_s87_speed_p160_x0_y0,candidateDpd_expanded672,30.293164031931454,6.946260929107666,
candidateDpd_expanded672_s88_speed_p160_x0_y0,candidateDpd_expanded672,27.019174151933452,6.598159313201904,
candidateDpd_expanded672_s89_speed_p160_x0_y0,candidateDpd_expanded672,24.837167190713444,6.6478590965271,
candidateDpd_expanded672_s8_speed_p160_x0_y0,candidateDpd_expanded672,30.8505226878246,7.913834571838379,
candidateDpd_expanded672_s90_speed_p160_x0_y0,candidateDpd_expanded672,22.935836631760463,5.446591377258301,
candidateDpd_expanded672_s91_speed_p160_x0_y0,candidateDpd_expanded672,23.16317424083461,5.826524257659912,
candidateDpd_expanded672_s92_speed_p160_x0_y0,candidateDpd_expanded672,23.00349244380346,5.688666820526123,
candidateDpd_expanded672_s93_speed_p160_x0_y0,candidateDpd_expanded672,25.807430248470567,6.8780717849731445,
candidateDpd_expanded672_s94_speed_p160_x0_y0,candidateDpd_expanded672,26.274968334272142,5.754510879516602,
candidateDpd_expanded672_s95_speed_p160_x0_y0,candidateDpd_expanded672,28.703371924873643,5.171990871429443,
candidateDpd_expanded672_s96_speed_p160_x0_y0,candidateDpd_expanded672,30.46847405671444,5.453520774841309,
candidateDpd_expanded672_s97_speed_p160_x0_y0,candidateDpd_expanded672,31.66836657633646,5.156149387359619,
candidateDpd_expanded672_s98_speed_p160_x0_y0,candidateDpd_expanded672,32.687068911985875,5.103975296020508,
candidateDpd_expanded672_s99_speed_p160_x0_y0,candidateDpd_expanded672,32.37767342877527,5.663589000701904,
candidateDpd_expanded672_s9_speed_p160_x0_y0,candidateDpd_expanded672,29.91158559965135,5.991115570068359,
