key,method,pd_distance
candidateE2_fixed_lowlambda_expanded1344_s0_speed_p160_x0_y0,candidateE2_fixed_lowlambda_expanded1344,25.265197994301687
candidateE2_fixed_lowlambda_expanded1344_s100_speed_p160_x0_y0,candidateE2_fixed_lowlambda_expanded1344,30.805484953353385
candidateE2_fixed_lowlambda_expanded1344_s101_speed_p160_x0_y0,candidateE2_fixed_lowlambda_expanded1344,30.145216715679684
candidateE2_fixed_lowlambda_expanded1344_s102_speed_p160_x0_y0,candidateE2_fixed_lowlambda_expanded1344,28.987981514063854
candidateE2_fixed_lowlambda_expanded1344_s103_speed_p160_x0_y0,candidateE2_fixed_lowlambda_expanded1344,29.251710660950334
candidateE2_fixed_lowlambda_expanded1344_s104_speed_p160_x0_y0,candidateE2_fixed_lowlambda_expanded1344,28.91988419990338
candidateE2_fixed_lowlambda_expanded1344_s105_speed_p160_x0_y0,candidateE2_fixed_lowlambda_expanded1344,29.08557742276155
candidateE2_fixed_lowlambda_expanded1344_s106_speed_p160_x0_y0,candidateE2_fixed_lowlambda_expanded1344,29.66432982949424
candidateE2_fixed_lowlambda_expanded1344_s107_speed_p160_x0_y0,candidateE2_fixed_lowlambda_expanded1344,29.231786786298894
candidateE2_fixed_lowlambda_expanded1344_s108_speed_p160_x0_y0,candidateE2_fixed_lowlambda_expanded1344,28.548996832083795
candidateE2_fixed_lowlambda_expanded1344_s109_speed_p160_x0_y0,candidateE2_fixed_lowlambda_expanded1344,28.545600592096665
candidateE2_fixed_lowlambda_expanded1344_s10_speed_p160_x0_y0,candidateE2_fixed_lowlambda_expanded1344,28.82551976747088
candidateE2_fixed_lowlambda_expanded1344_s110_speed_p160_x0_y0,candidateE2_fixed_lowlambda_expanded1344,29.05149808755102
candidateE2_fixed_lowlambda_expanded1344_s111_speed_p160_x0_y0,candidateE2_fixed_lowlambda_expanded1344,27.902617931206464
candidateE2_fixed_lowlambda_expanded1344_s112_speed_p160_x0_y0,candidateE2_fixed_lowlambda_expanded1344,27.300021517876317
candidateE2_fixed_lowlambda_expanded1344_s113_speed_p160_x0_y0,candidateE2_fixed_lowlambda_expanded1344,25.831158376280214
candidateE2_fixed_lowlambda_expanded1344_s114_speed_p160_x0_y0,candidateE2_fixed_lowlambda_expanded1344,24.27604580664155
candidateE2_fixed_lowlambda_expanded1344_s115_speed_p160_x0_y0,candidateE2_fixed_lowlambda_expanded1344,25.103016504702587
candidateE2_fixed_lowlambda_expanded1344_s116_speed_p160_x0_y0,candidateE2_fixed_lowlambda_expanded1344,24.945456265525852
candidateE2_fixed_lowlambda_expanded1344_s117_speed_p160_x0_y0,candidateE2_fixed_lowlambda_expanded1344,26.97469953131072
candidateE2_fixed_lowlambda_expanded1344_s118_speed_p160_x0_y0,candidateE2_fixed_lowlambda_expanded1344,27.723504167246187
candidateE2_fixed_lowlambda_expanded1344_s119_speed_p160_x0_y0,candidateE2_fixed_lowlambda_expanded1344,26.981946146211968
candidateE2_fixed_lowlambda_expanded1344_s11_speed_p160_x0_y0,candidateE2_fixed_lowlambda_expanded1344,27.55900592242845
candidateE2_fixed_lowlambda_expanded1344_s120_speed_p160_x0_y0,candidateE2_fixed_lowlambda_expanded1344,27.759359738597446
candidateE2_fixed_lowlambda_expanded1344_s121_speed_p160_x0_y0,candidateE2_fixed_lowlambda_expanded1344,28.692119405113612
candidateE2_fixed_lowlambda_expanded1344_s122_speed_p160_x0_y0,candidateE2_fixed_lowlambda_expanded1344,27.440130910056535
candidateE2_fixed_lowlambda_expanded1344_s123_speed_p160_x0_y0,candidateE2_fixed_lowlambda_expanded1344,28.559905923037682
candidateE2_fixed_lowlambda_expanded1344_s124_speed_p160_x0_y0,candidateE2_fixed_lowlambda_expanded1344,27.589396039001876
candidateE2_fixed_lowlambda_expanded1344_s125_speed_p160_x0_y0,candidateE2_fixed_lowlambda_expanded1344,27.746503435881497
candidateE2_fixed_lowlambda_expanded1344_s126_speed_p160_x0_y0,candidateE2_fixed_lowlambda_expanded1344,27.00278280667355
candidateE2_fixed_lowlambda_expanded1344_s127_speed_p160_x0_y0,candidateE2_fixed_lowlambda_expanded1344,29.01631741190346
candidateE2_fixed_lowlambda_expanded1344_s128_speed_p160_x0_y0,candidateE2_fixed_lowlambda_expanded1344,27.305766848542582
candidateE2_fixed_lowlambda_expanded1344_s129_speed_p160_x0_y0,candidateE2_fixed_lowlambda_expanded1344,28.353177876351307
candidateE2_fixed_lowlambda_expanded1344_s12_speed_p160_x0_y0,candidateE2_fixed_lowlambda_expanded1344,29.13441993633022
candidateE2_fixed_lowlambda_expanded1344_s130_speed_p160_x0_y0,candidateE2_fixed_lowlambda_expanded1344,29.00497136799248
candidateE2_fixed_lowlambda_expanded1344_s131_speed_p160_x0_y0,candidateE2_fixed_lowlambda_expanded1344,31.714425017927997
candidateE2_fixed_lowlambda_expanded1344_s132_speed_p160_x0_y0,candidateE2_fixed_lowlambda_expanded1344,32.81127339998342
candidateE2_fixed_lowlambda_expanded1344_s133_speed_p160_x0_y0,candidateE2_fixed_lowlambda_expanded1344,33.342780662228094
candidateE2_fixed_lowlambda_expanded1344_s134_speed_p160_x0_y0,candidateE2_fixed_lowlambda_expanded1344,31.208464133590358
candidateE2_fixed_lowlambda_expanded1344_s135_speed_p160_x0_y0,candidateE2_fixed_lowlambda_expanded1344,28.453120340378693
candidateE2_fixed_lowlambda_expanded1344_s136_speed_p160_x0_y0,candidateE2_fixed_lowlambda_expanded1344,26.3814245136509
candidateE2_fixed_lowlambda_expanded1344_s137_speed_p160_x0_y0,candidateE2_fixed_lowlambda_expanded1344,25.361195746401425
candidateE2_fixed_lowlambda_expanded1344_s138_speed_p160_x0_y0,candidateE2_fixed_lowlambda_expanded1344,24.831879883440685
candidateE2_fixed_lowlambda_expanded1344_s139_speed_p160_x0_y0,candidateE2_fixed_lowlambda_expanded1344,24.558108404424484
candidateE2_fixed_lowlambda_expanded1344_s13_speed_p160_x0_y0,candidateE2_fixed_lowlambda_expanded1344,28.097445409925413
candidateE2_fixed_lowlambda_expanded1344_s140_speed_p160_x0_y0,candidateE2_fixed_lowlambda_expanded1344,25.794902018151337
candidateE2_fixed_lowlambda_expanded1344_s141_speed_p160_x0_y0,candidateE2_fixed_lowlambda_expanded1344,28.705254632376587
candidateE2_fixed_lowlambda_expanded1344_s142_speed_p160_x0_y0,candidateE2_fixed_lowlambda_expanded1344,29.82628007782457
candidateE2_fixed_lowlambda_expanded1344_s143_speed_p160_x0_y0,candidateE2_fixed_lowlambda_expanded1344,30.2261043737977
candidateE2_fixed_lowlambda_expanded1344_s144_speed_p160_x0_y0,candidateE2_fixed_lowlambda_expanded1344,30.421585316879202
candidateE2_fixed_lowlambda_expanded1344_s145_speed_p160_x0_y0,candidateE2_fixed_lowlambda_expanded1344,29.209761813097714
candidateE2_fixed_lowlambda_expanded1344_s146_speed_p160_x0_y0,candidateE2_fixed_lowlambda_expanded1344,28.20376333794171
candidateE2_fixed_lowlambda_expanded1344_s147_speed_p160_x0_y0,candidateE2_fixed_lowlambda_expanded1344,25.933799262773693
candidateE2_fixed_lowlambda_expanded1344_s148_speed_p160_x0_y0,candidateE2_fixed_lowlambda_expanded1344,26.057311396320756
candidateE2_fixed_lowlambda_expanded1344_s149_speed_p160_x0_y0,candidateE2_fixed_lowlambda_expanded1344,25.14939424746611
candidateE2_fixed_lowlambda_expanded1344_s14_speed_p160_x0_y0,candidateE2_fixed_lowlambda_expanded1344,27.063258380721756
candidateE2_fixed_lowlambda_expanded1344_s150_speed_p160_x0_y0,candidateE2_fixed_lowlambda_expanded1344,24.272053481879013
candidateE2_fixed_lowlambda_expanded1344_s151_speed_p160_x0_y0,candidateE2_fixed_lowlambda_expanded1344,24.43488888438554
candidateE2_fixed_lowlambda_expanded1344_s152_speed_p160_x0_y0,candidateE2_fixed_lowlambda_expanded1344,25.02253447272862
candidateE2_fixed_lowlambda_expanded1344_s153_speed_p160_x0_y0,candidateE2_fixed_lowlambda_expanded1344,25.488031218358035
candidateE2_fixed_lowlambda_expanded1344_s154_speed_p160_x0_y0,candidateE2_fixed_lowlambda_expanded1344,25.51177503357717
candidateE2_fixed_lowlambda_expanded1344_s155_speed_p160_x0_y0,candidateE2_fixed_lowlambda_expanded1344,26.25443587383666
candidateE2_fixed_lowlambda_expanded1344_s156_speed_p160_x0_y0,candidateE2_fixed_lowlambda_expanded1344,25.34721154804303
candidateE2_fixed_lowlambda_expanded1344_s157_speed_p160_x0_y0,candidateE2_fixed_lowlambda_expanded1344,25.86091806874198
candidateE2_fixed_lowlambda_expanded1344_s158_speed_p160_x0_y0,candidateE2_fixed_lowlambda_expanded1344,27.533674860622227
candidateE2_fixed_lowlambda_expanded1344_s159_speed_p160_x0_y0,candidateE2_fixed_lowlambda_expanded1344,24.727792437184167
candidateE2_fixed_lowlambda_expanded1344_s15_speed_p160_x0_y0,candidateE2_fixed_lowlambda_expanded1344,25.159109946313123
candidateE2_fixed_lowlambda_expanded1344_s160_speed_p160_x0_y0,candidateE2_fixed_lowlambda_expanded1344,21.991802818328406
candidateE2_fixed_lowlambda_expanded1344_s161_speed_p160_x0_y0,candidateE2_fixed_lowlambda_expanded1344,20.038026162806034
candidateE2_fixed_lowlambda_expanded1344_s162_speed_p160_x0_y0,candidateE2_fixed_lowlambda_expanded1344,18.803058091675243
candidateE2_fixed_lowlambda_expanded1344_s163_speed_p160_x0_y0,candidateE2_fixed_lowlambda_expanded1344,19.73519522534991
candidateE2_fixed_lowlambda_expanded1344_s164_speed_p160_x0_y0,candidateE2_fixed_lowlambda_expanded1344,22.12769206222583
candidateE2_fixed_lowlambda_expanded1344_s165_speed_p160_x0_y0,candidateE2_fixed_lowlambda_expanded1344,23.9714350731309
candidateE2_fixed_lowlambda_expanded1344_s166_speed_p160_x0_y0,candidateE2_fixed_lowlambda_expanded1344,24.786944096511533
candidateE2_fixed_lowlambda_expanded1344_s167_speed_p160_x0_y0,candidateE2_fixed_lowlambda_expanded1344,24.587591089199428
candidateE2_fixed_lowlambda_expanded1344_s16_speed_p160_x0_y0,candidateE2_fixed_lowlambda_expanded1344,22.623824132131045
candidateE2_fixed_lowlambda_expanded1344_s17_speed_p160_x0_y0,candidateE2_fixed_lowlambda_expanded1344,19.579927258579584
candidateE2_fixed_lowlambda_expanded1344_s18_speed_p160_x0_y0,candidateE2_fixed_lowlambda_expanded1344,19.107961846315526
candidateE2_fixed_lowlambda_expanded1344_s19_speed_p160_x0_y0,candidateE2_fixed_lowlambda_expanded1344,19.572445631534624
candidateE2_fixed_lowlambda_expanded1344_s1_speed_p160_x0_y0,candidateE2_fixed_lowlambda_expanded1344,25.44909444753661
candidateE2_fixed_lowlambda_expanded1344_s20_speed_p160_x0_y0,candidateE2_fixed_lowlambda_expanded1344,20.26959022729439
candidateE2_fixed_lowlambda_expanded1344_s21_speed_p160_x0_y0,candidateE2_fixed_lowlambda_expanded1344,25.4531180094501
candidateE2_fixed_lowlambda_expanded1344_s22_speed_p160_x0_y0,candidateE2_fixed_lowlambda_expanded1344,30.87039019836178
candidateE2_fixed_lowlambda_expanded1344_s23_speed_p160_x0_y0,candidateE2_fixed_lowlambda_expanded1344,32.78693158655075
candidateE2_fixed_lowlambda_expanded1344_s24_speed_p160_x0_y0,candidateE2_fixed_lowlambda_expanded1344,33.94852363991508
candidateE2_fixed_lowlambda_expanded1344_s25_speed_p160_x0_y0,candidateE2_fixed_lowlambda_expanded1344,35.058163073535155
candidateE2_fixed_lowlambda_expanded1344_s26_speed_p160_x0_y0,candidateE2_fixed_lowlambda_expanded1344,33.68275243548308
candidateE2_fixed_lowlambda_expanded1344_s27_speed_p160_x0_y0,candidateE2_fixed_lowlambda_expanded1344,35.77969326117737
candidateE2_fixed_lowlambda_expanded1344_s28_speed_p160_x0_y0,candidateE2_fixed_lowlambda_expanded1344,37.505242575732204
candidateE2_fixed_lowlambda_expanded1344_s29_speed_p160_x0_y0,candidateE2_fixed_lowlambda_expanded1344,38.10535496883225
candidateE2_fixed_lowlambda_expanded1344_s2_speed_p160_x0_y0,candidateE2_fixed_lowlambda_expanded1344,25.842694513739886
candidateE2_fixed_lowlambda_expanded1344_s30_speed_p160_x0_y0,candidateE2_fixed_lowlambda_expanded1344,39.41951843173013
candidateE2_fixed_lowlambda_expanded1344_s31_speed_p160_x0_y0,candidateE2_fixed_lowlambda_expanded1344,38.66170329506133
candidateE2_fixed_lowlambda_expanded1344_s32_speed_p160_x0_y0,candidateE2_fixed_lowlambda_expanded1344,38.349998601048746
candidateE2_fixed_lowlambda_expanded1344_s33_speed_p160_x0_y0,candidateE2_fixed_lowlambda_expanded1344,37.6952492080757
candidateE2_fixed_lowlambda_expanded1344_s34_speed_p160_x0_y0,candidateE2_fixed_lowlambda_expanded1344,37.15799466716713
candidateE2_fixed_lowlambda_expanded1344_s35_speed_p160_x0_y0,candidateE2_fixed_lowlambda_expanded1344,35.923144402882855
candidateE2_fixed_lowlambda_expanded1344_s36_speed_p160_x0_y0,candidateE2_fixed_lowlambda_expanded1344,35.45251683411883
candidateE2_fixed_lowlambda_expanded1344_s37_speed_p160_x0_y0,candidateE2_fixed_lowlambda_expanded1344,34.03603417628903
candidateE2_fixed_lowlambda_expanded1344_s38_speed_p160_x0_y0,candidateE2_fixed_lowlambda_expanded1344,29.36609645454869
candidateE2_fixed_lowlambda_expanded1344_s39_speed_p160_x0_y0,candidateE2_fixed_lowlambda_expanded1344,25.519555672095922
candidateE2_fixed_lowlambda_expanded1344_s3_speed_p160_x0_y0,candidateE2_fixed_lowlambda_expanded1344,25.840835344995057
candidateE2_fixed_lowlambda_expanded1344_s40_speed_p160_x0_y0,candidateE2_fixed_lowlambda_expanded1344,24.50366309333292
candidateE2_fixed_lowlambda_expanded1344_s41_speed_p160_x0_y0,candidateE2_fixed_lowlambda_expanded1344,23.752894106612136
candidateE2_fixed_lowlambda_expanded1344_s42_speed_p160_x0_y0,candidateE2_fixed_lowlambda_expanded1344,21.945826674089993
candidateE2_fixed_lowlambda_expanded1344_s43_speed_p160_x0_y0,candidateE2_fixed_lowlambda_expanded1344,20.853850964593594
candidateE2_fixed_lowlambda_expanded1344_s44_speed_p160_x0_y0,candidateE2_fixed_lowlambda_expanded1344,19.955321844430376
candidateE2_fixed_lowlambda_expanded1344_s45_speed_p160_x0_y0,candidateE2_fixed_lowlambda_expanded1344,20.583604147847062
candidateE2_fixed_lowlambda_expanded1344_s46_speed_p160_x0_y0,candidateE2_fixed_lowlambda_expanded1344,20.72575148821811
candidateE2_fixed_lowlambda_expanded1344_s47_speed_p160_x0_y0,candidateE2_fixed_lowlambda_expanded1344,22.26373060014277
candidateE2_fixed_lowlambda_expanded1344_s48_speed_p160_x0_y0,candidateE2_fixed_lowlambda_expanded1344,22.87664731101704
candidateE2_fixed_lowlambda_expanded1344_s49_speed_p160_x0_y0,candidateE2_fixed_lowlambda_expanded1344,22.230112560181816
candidateE2_fixed_lowlambda_expanded1344_s4_speed_p160_x0_y0,candidateE2_fixed_lowlambda_expanded1344,25.403334027922842
candidateE2_fixed_lowlambda_expanded1344_s50_speed_p160_x0_y0,candidateE2_fixed_lowlambda_expanded1344,21.192854338122274
candidateE2_fixed_lowlambda_expanded1344_s51_speed_p160_x0_y0,candidateE2_fixed_lowlambda_expanded1344,21.716612913023148
candidateE2_fixed_lowlambda_expanded1344_s52_speed_p160_x0_y0,candidateE2_fixed_lowlambda_expanded1344,21.915507824908353
candidateE2_fixed_lowlambda_expanded1344_s53_speed_p160_x0_y0,candidateE2_fixed_lowlambda_expanded1344,21.74294166950984
candidateE2_fixed_lowlambda_expanded1344_s54_speed_p160_x0_y0,candidateE2_fixed_lowlambda_expanded1344,22.854985839988487
candidateE2_fixed_lowlambda_expanded1344_s55_speed_p160_x0_y0,candidateE2_fixed_lowlambda_expanded1344,23.36202186790886
candidateE2_fixed_lowlambda_expanded1344_s56_speed_p160_x0_y0,candidateE2_fixed_lowlambda_expanded1344,24.014168351771147
candidateE2_fixed_lowlambda_expanded1344_s57_speed_p160_x0_y0,candidateE2_fixed_lowlambda_expanded1344,24.517915176492355
candidateE2_fixed_lowlambda_expanded1344_s58_speed_p160_x0_y0,candidateE2_fixed_lowlambda_expanded1344,25.27926418517732
candidateE2_fixed_lowlambda_expanded1344_s59_speed_p160_x0_y0,candidateE2_fixed_lowlambda_expanded1344,25.401594888749166
candidateE2_fixed_lowlambda_expanded1344_s5_speed_p160_x0_y0,candidateE2_fixed_lowlambda_expanded1344,27.4707040946042
candidateE2_fixed_lowlambda_expanded1344_s60_speed_p160_x0_y0,candidateE2_fixed_lowlambda_expanded1344,25.53594152975712
candidateE2_fixed_lowlambda_expanded1344_s61_speed_p160_x0_y0,candidateE2_fixed_lowlambda_expanded1344,25.458953401610334
candidateE2_fixed_lowlambda_expanded1344_s62_speed_p160_x0_y0,candidateE2_fixed_lowlambda_expanded1344,27.089302047323283
candidateE2_fixed_lowlambda_expanded1344_s63_speed_p160_x0_y0,candidateE2_fixed_lowlambda_expanded1344,27.995335348045494
candidateE2_fixed_lowlambda_expanded1344_s64_speed_p160_x0_y0,candidateE2_fixed_lowlambda_expanded1344,24.296883850630785
candidateE2_fixed_lowlambda_expanded1344_s65_speed_p160_x0_y0,candidateE2_fixed_lowlambda_expanded1344,21.787044563626115
candidateE2_fixed_lowlambda_expanded1344_s66_speed_p160_x0_y0,candidateE2_fixed_lowlambda_expanded1344,20.691529424979173
candidateE2_fixed_lowlambda_expanded1344_s67_speed_p160_x0_y0,candidateE2_fixed_lowlambda_expanded1344,20.34493392419155
candidateE2_fixed_lowlambda_expanded1344_s68_speed_p160_x0_y0,candidateE2_fixed_lowlambda_expanded1344,21.543153331468755
candidateE2_fixed_lowlambda_expanded1344_s69_speed_p160_x0_y0,candidateE2_fixed_lowlambda_expanded1344,23.98403763311895
candidateE2_fixed_lowlambda_expanded1344_s6_speed_p160_x0_y0,candidateE2_fixed_lowlambda_expanded1344,28.006771148507504
candidateE2_fixed_lowlambda_expanded1344_s70_speed_p160_x0_y0,candidateE2_fixed_lowlambda_expanded1344,24.441904809406743
candidateE2_fixed_lowlambda_expanded1344_s71_speed_p160_x0_y0,candidateE2_fixed_lowlambda_expanded1344,25.119106317369795
candidateE2_fixed_lowlambda_expanded1344_s72_speed_p160_x0_y0,candidateE2_fixed_lowlambda_expanded1344,26.024846508365126
candidateE2_fixed_lowlambda_expanded1344_s73_speed_p160_x0_y0,candidateE2_fixed_lowlambda_expanded1344,26.521324521489856
candidateE2_fixed_lowlambda_expanded1344_s74_speed_p160_x0_y0,candidateE2_fixed_lowlambda_expanded1344,27.67029023589145
candidateE2_fixed_lowlambda_expanded1344_s75_speed_p160_x0_y0,candidateE2_fixed_lowlambda_expanded1344,28.839904407448202
candidateE2_fixed_lowlambda_expanded1344_s76_speed_p160_x0_y0,candidateE2_fixed_lowlambda_expanded1344,29.424288599652797
candidateE2_fixed_lowlambda_expanded1344_s77_speed_p160_x0_y0,candidateE2_fixed_lowlambda_expanded1344,29.272218107302262
candidateE2_fixed_lowlambda_expanded1344_s78_speed_p160_x0_y0,candidateE2_fixed_lowlambda_expanded1344,29.549228427443808
candidateE2_fixed_lowlambda_expanded1344_s79_speed_p160_x0_y0,candidateE2_fixed_lowlambda_expanded1344,29.50069065336447
candidateE2_fixed_lowlambda_expanded1344_s7_speed_p160_x0_y0,candidateE2_fixed_lowlambda_expanded1344,29.0668257832744
candidateE2_fixed_lowlambda_expanded1344_s80_speed_p160_x0_y0,candidateE2_fixed_lowlambda_expanded1344,29.393497323051932
candidateE2_fixed_lowlambda_expanded1344_s81_speed_p160_x0_y0,candidateE2_fixed_lowlambda_expanded1344,28.88273993008567
candidateE2_fixed_lowlambda_expanded1344_s82_speed_p160_x0_y0,candidateE2_fixed_lowlambda_expanded1344,28.32437010196658
candidateE2_fixed_lowlambda_expanded1344_s83_speed_p160_x0_y0,candidateE2_fixed_lowlambda_expanded1344,27.415700549287667
candidateE2_fixed_lowlambda_expanded1344_s84_speed_p160_x0_y0,candidateE2_fixed_lowlambda_expanded1344,28.436347095296565
candidateE2_fixed_lowlambda_expanded1344_s85_speed_p160_x0_y0,candidateE2_fixed_lowlambda_expanded1344,28.076073561083955
candidateE2_fixed_lowlambda_expanded1344_s86_speed_p160_x0_y0,candidateE2_fixed_lowlambda_expanded1344,28.50583330127812
candidateE2_fixed_lowlambda_expanded1344_s87_speed_p160_x0_y0,candidateE2_fixed_lowlambda_expanded1344,28.962114500749372
candidateE2_fixed_lowlambda_expanded1344_s88_speed_p160_x0_y0,candidateE2_fixed_lowlambda_expanded1344,25.923285643086395
candidateE2_fixed_lowlambda_expanded1344_s89_speed_p160_x0_y0,candidateE2_fixed_lowlambda_expanded1344,23.84472581271382
candidateE2_fixed_lowlambda_expanded1344_s8_speed_p160_x0_y0,candidateE2_fixed_lowlambda_expanded1344,29.113989952646865
candidateE2_fixed_lowlambda_expanded1344_s90_speed_p160_x0_y0,candidateE2_fixed_lowlambda_expanded1344,21.900270730109927
candidateE2_fixed_lowlambda_expanded1344_s91_speed_p160_x0_y0,candidateE2_fixed_lowlambda_expanded1344,21.979770581486417
candidateE2_fixed_lowlambda_expanded1344_s92_speed_p160_x0_y0,candidateE2_fixed_lowlambda_expanded1344,21.818459414605925
candidateE2_fixed_lowlambda_expanded1344_s93_speed_p160_x0_y0,candidateE2_fixed_lowlambda_expanded1344,24.32286995130065
candidateE2_fixed_lowlambda_expanded1344_s94_speed_p160_x0_y0,candidateE2_fixed_lowlambda_expanded1344,24.573114260458468
candidateE2_fixed_lowlambda_expanded1344_s95_speed_p160_x0_y0,candidateE2_fixed_lowlambda_expanded1344,26.852272974131925
candidateE2_fixed_lowlambda_expanded1344_s96_speed_p160_x0_y0,candidateE2_fixed_lowlambda_expanded1344,28.973110886065268
candidateE2_fixed_lowlambda_expanded1344_s97_speed_p160_x0_y0,candidateE2_fixed_lowlambda_expanded1344,30.046790743207207
candidateE2_fixed_lowlambda_expanded1344_s98_speed_p160_x0_y0,candidateE2_fixed_lowlambda_expanded1344,31.160713087986213
candidateE2_fixed_lowlambda_expanded1344_s99_speed_p160_x0_y0,candidateE2_fixed_lowlambda_expanded1344,30.712449054154344
candidateE2_fixed_lowlambda_expanded1344_s9_speed_p160_x0_y0,candidateE2_fixed_lowlambda_expanded1344,27.866822356274614
