method,family,training_size,n,speed_ssim_gt_cnn_count,uv_ssim_gt_cnn_count,mean_delta_ssim_speed_vs_cnn,mean_delta_ssim_uv_mean_vs_cnn
candidateC_1344,candidateC,1344,168,168,168,0.06321070313228049,0.06910761161812287
candidateC_168,candidateC,168,168,166,168,0.03656816304739659,0.03865131062257178
candidateC_2688,candidateC,2688,168,168,168,0.07144694189478233,0.07707984815805216
candidateC_672,candidateC,672,168,168,168,0.05368641621085823,0.0594507917630814
candidateUV_1344,candidateUV,1344,168,168,168,0.0643358866333686,0.0744170465400164
candidateUV_168,candidateUV,168,168,166,168,0.03400481508681948,0.04015860245405452
candidateUV_2688,candidateUV,2688,168,168,168,0.07226766881071603,0.08251991649513568
candidateUV_672,candidateUV,672,168,168,168,0.05406046283791835,0.06406480534735443
gan,baseline,baseline,168,3,0,-0.06375686650743176,-0.0721974692357337
