sample_idx,training_size,delta_c_minus_uv_ssim_speed,delta_c_minus_uv_ssim_uv_mean,c_speed_ssim_gt_uv,c_uv_ssim_gt_uv
0,168,0.011273187807836482,-0.0014237614385892439,True,False
1,168,-0.000586197880996786,-0.0042805791756392875,False,False
2,168,0.006007020752896941,-0.0023386885926701684,True,False
3,168,0.0010517144103153742,-0.0033056260479982225,True,False
4,168,0.00042508374086247525,-0.003235530481502713,True,False
5,168,0.0008235937170955054,-0.002030391236514939,True,False
6,168,0.00037909692542925644,-0.003399045917618859,True,False
7,168,0.00100546763571574,-0.002529434242776407,True,False
8,168,0.0013693899230874385,-0.002168774596423617,True,False
9,168,0.00391156885782451,-0.001384434395036882,True,False
10,168,0.009795839572738552,0.0006998812814207334,True,True
11,168,-0.000987021156318102,-0.004067736429215207,False,False
12,168,0.0008693127905927689,-0.0029304428424392626,True,False
13,168,0.0006483340478050659,-0.00110772116528568,True,False
14,168,0.0003405273900595196,-0.0038961663854135686,True,False
15,168,0.0005605854721917325,-0.003299431192958502,True,False
16,168,-0.0003671330277371654,-0.003378397134254918,False,False
17,168,-0.0014117356521893276,-0.0019436327219048977,False,False
18,168,0.005182453874208126,-0.0017169136092551884,True,False
19,168,0.006867162169686192,-0.0012457362367842562,True,False
20,168,0.010608297181606385,-7.718416474367107e-05,True,False
21,168,0.0015689273857919517,-0.003263522440417055,True,False
22,168,0.003112231365264506,-0.0019638482654574796,True,False
23,168,0.0031276712008297958,-0.0019499917469479877,True,False
24,168,0.0026281133214011154,-0.0019407990263611286,True,False
25,168,0.008592442660320665,0.002231021555332058,True,True
26,168,0.024396421100910226,0.0024098716596725467,True,True
27,168,0.003736342986396579,-0.0019874152794806532,True,False
28,168,0.0009740758571499253,-0.0019539324470749797,True,False
29,168,0.006890580381180289,-0.002710697851174282,True,False
30,168,0.005122937709816644,-0.0024929565246036844,True,False
31,168,0.00032304107807823446,-0.0012142541157356135,True,False
32,168,0.0009632281619490479,-0.00043298538500913253,True,False
33,168,0.0031109019222004264,0.0024438616327346896,True,True
34,168,0.0027515902278362203,0.0005677651460054278,True,True
35,168,0.0033582346760753223,0.0005467655104927083,True,True
36,168,0.0030939353689084514,0.00026683323211740273,True,True
37,168,0.004855671616357027,-0.0009758558893534497,True,False
38,168,0.0015115889623503742,-0.0012544463326875643,True,False
39,168,0.0007255631102383031,-0.0018315058647081495,True,False
40,168,0.0011259505339848985,-0.0012081523387770243,True,False
41,168,-4.895971086860129e-05,-0.0014571560203114897,False,False
42,168,-0.000745728243706667,-0.0017555293257054405,False,False
43,168,-0.0012699077430831096,-0.001846113167779606,False,False
44,168,-0.0015920989070008496,-0.0019327722189245167,False,False
45,168,-0.0010561112061363565,-0.0019520738550395933,False,False
46,168,0.0031066263989054654,-0.0019964575529135553,True,False
47,168,0.0024222218478552326,-0.002248860644926909,True,False
48,168,0.00039566307218596997,-0.002108464063591442,True,False
49,168,-0.00024388114606122002,-0.0025029964378981973,False,False
50,168,-0.0009216192583048066,-0.0026883227582436,False,False
51,168,-0.0011241813556088776,-0.003064248415345361,False,False
52,168,-0.0010347684858282857,-0.002857021505316082,False,False
53,168,-0.0014141169532251308,-0.0033525443914820263,False,False
54,168,-0.0008713468390310064,-0.003409102412218701,False,False
55,168,-0.0010711842290891394,-0.0034337895731455514,False,False
56,168,-0.0006748846449595725,-0.002983369869149821,False,False
57,168,0.00040270253060470385,-0.0023701598952603486,True,False
58,168,0.0008587884043561589,-0.002613254870412751,True,False
59,168,0.000765443495949647,-0.0022108977625188153,True,False
60,168,0.0015965769842881672,-0.0015422478431468267,True,False
61,168,0.002319744691873571,-0.0007920250253211636,True,False
62,168,0.003721690298717384,0.00031423178268497054,True,True
63,168,0.005986763876955958,0.0006536821535628734,True,True
64,168,0.001583763003457861,0.0003405580292801247,True,True
65,168,-2.2805952335946955e-05,-0.0011019035725232662,False,False
66,168,-0.0006643889109219092,-0.0015527686188466783,False,False
67,168,2.0722899336522715e-05,-0.0009141725157078007,True,False
68,168,0.0020807662471422628,0.0014578703101418844,True,True
69,168,0.003505687915392741,0.000553111779469484,True,True
70,168,0.004812256198639897,0.0011346330069235133,True,True
71,168,0.004323640650527816,0.0010175497862194849,True,True
72,168,0.004721711514085514,0.0013132032149171247,True,True
73,168,0.004641138933652589,0.0007992830978988952,True,True
74,168,0.004854188453056074,0.0005299375288362329,True,True
75,168,0.004991955524086156,0.0003651218253473143,True,True
76,168,0.004135206921657586,-0.00040624426767110755,True,False
77,168,0.005038129735895236,0.00010379321094622362,True,True
78,168,0.005603117467676055,0.0003314878327470572,True,True
79,168,0.004857052837958675,-0.00021782235288558827,True,False
80,168,0.004043607068560884,-0.00042545419566730747,True,False
81,168,0.009271132811512262,0.00017680336804026808,True,True
82,168,0.004322834092423733,-0.00021265022106331521,True,False
83,168,0.0036514889804946105,-0.0007840251196310488,True,False
84,168,0.003927941276525071,-0.0002942597810218217,True,False
85,168,0.004963283432650956,0.00043501395041789515,True,True
86,168,0.010261336925941444,0.000944056615715283,True,True
87,168,0.0050448811962259255,0.0018491466936406686,True,True
88,168,0.0023261109758848653,0.0009617416919732724,True,True
89,168,0.0001317899582432558,-0.0015648807861557978,True,False
90,168,-0.0009211074655909313,-0.0018985858477510442,False,False
91,168,-0.001969021675802929,-0.001881588934788847,False,False
92,168,-0.00021795510265554263,-0.0026574307498787864,False,False
93,168,0.0027104132542598025,-0.0023003256981317666,True,False
94,168,0.0033167074001148045,-0.0019846898331028484,True,False
95,168,0.004055610779063468,-0.0013335407281480638,True,False
96,168,0.005823613418890705,-0.0005462016641424317,True,False
97,168,0.006882233844995089,0.001338634378592829,True,True
98,168,0.006697911346414065,-0.00011148508795022494,True,False
99,168,0.00686439788550397,4.8749613410503656e-05,True,True
100,168,0.0059820896480509145,0.0009352662458869121,True,True
101,168,0.004841890660288506,-0.0012725287012276265,True,False
102,168,0.0050401079063279175,0.0014691976802142515,True,True
103,168,0.006448369183193692,0.0022835663083733415,True,True
104,168,0.006349504781989701,0.0021179775856203786,True,True
105,168,0.0038120684757775303,-0.00033755974816462864,True,False
106,168,0.0037551438858817177,0.00017509712777208364,True,True
107,168,0.003619182108538843,0.0005830748609798597,True,True
108,168,0.0034951694211027284,-0.0005823682859160684,True,False
109,168,0.003327631928947805,-0.0003010328030198517,True,False
110,168,0.0036516905334568195,-3.3491308794930674e-05,True,False
111,168,0.0025940602841847404,0.00041297434255582743,True,True
112,168,0.0014184665292736875,-0.001611312773541318,True,False
113,168,0.0014007227498064045,-0.0012566578891410884,True,False
114,168,0.0013158053226501876,-0.002351562409652508,True,False
115,168,0.0018738237109230393,-0.0024955711531249314,True,False
116,168,0.0008603491281536924,-0.003076413441582826,True,False
117,168,0.0004745467992469665,-0.003552909107308433,True,False
118,168,0.0005050662318413224,-0.0034868656306477064,True,False
119,168,0.0007251526977165579,-0.003504816617537765,True,False
120,168,0.0007088026161469196,-0.0035330245494683554,True,False
121,168,0.0016600684292177315,-0.0022400387630284735,True,False
122,168,0.0009235595989164347,-0.0031456984548725586,True,False
123,168,0.0005731220376343771,-0.002475026442971595,True,False
124,168,0.0016820214455104399,-0.0014558959664081605,True,False
125,168,0.0017932250510744874,-0.00173674782218447,True,False
126,168,0.0005772585688060827,-0.002234782170053462,True,False
127,168,0.0010550029911611247,-0.002099571850923909,True,False
128,168,-0.0005337225510961829,-0.0025755502016161502,False,False
129,168,0.00014187448538782732,-0.002764032195532562,True,False
130,168,0.0008742034969427825,-0.0022706133038523646,True,False
131,168,0.0005832108107580725,-0.0025065187652297816,True,False
132,168,3.837103907033956e-05,-0.002721811713015221,True,False
133,168,0.0012341299063450828,-0.0028728926853658354,True,False
134,168,0.00020353547716800424,-0.002954008103936201,True,False
135,168,-0.0005479167637290061,-0.0015053242049682947,False,False
136,168,0.0005354210299859385,-0.002274033412165366,True,False
137,168,-0.00013213467521111522,-0.0013338023923445963,False,False
138,168,2.831867639008223e-05,-0.002372059252026215,True,False
139,168,0.000588346913884541,-0.0018551468090921563,True,False
140,168,0.0014398867581810748,-0.0023768507040495823,True,False
141,168,0.0041492156813411896,-0.0017115426790054178,True,False
142,168,0.005133534064938217,-0.0017230701230811496,True,False
143,168,0.0051988190581724325,-0.0022322366770474167,True,False
144,168,0.0047097067584938035,-0.002163572653361978,True,False
145,168,0.005235333464085112,-0.0010665287131086387,True,False
146,168,0.007857201712026085,0.0008428620207308057,True,True
147,168,0.002226168710669274,0.00035703689178934184,True,True
148,168,0.0020102962635365484,-0.001974922360739373,True,False
149,168,0.0013677468586567043,-0.002410176930097596,True,False
150,168,0.0056489206503409495,0.0021620760906823078,True,True
151,168,0.007417587021777083,0.0015335659316424444,True,True
152,168,0.0077107316554957395,-0.00016034910341145014,True,False
153,168,0.004320157770141608,-0.0003886840318338969,True,False
154,168,0.00889259863146763,-0.00021651990740934046,True,False
155,168,-0.0020884011904998,-0.004188478507087812,False,False
156,168,-0.0027570752523938813,-0.003522755230465746,False,False
157,168,-0.0032200331594620657,-0.0038754372606566445,False,False
158,168,-0.004236153543341281,-0.004909827172809966,False,False
159,168,0.00019154578378655085,-0.005298769157025651,True,False
160,168,-3.703696036205795e-05,-0.004982866006000286,False,False
161,168,0.005540608526676483,-0.0030511358041896974,True,False
162,168,-0.0008846312259160882,-0.0042839026066421315,False,False
163,168,0.000685182176608512,-0.005202530399127436,True,False
164,168,-0.004286727536195412,-0.005755318433863232,False,False
165,168,-0.003019516283980672,-0.00571120598906949,False,False
166,168,0.0036683223107276675,-0.0034922539836064193,True,False
167,168,0.009378143198763511,-0.004198300202949645,True,False
0,672,-0.00039662693015085626,-0.004963708184211102,False,False
1,672,0.0031470910141412345,-0.003153785829007827,True,False
2,672,-0.001713132312734178,-0.00450445700738078,False,False
3,672,-0.0022064632900449244,-0.0046675144786810785,False,False
4,672,-0.002404805702543089,-0.0040628488484834024,False,False
5,672,-0.0013689053168489673,-0.004402684983183303,False,False
6,672,-0.0013133996884041599,-0.004443164925931442,False,False
7,672,-0.0010025675534023337,-0.0040337566401003055,False,False
8,672,-0.0009079043599687919,-0.004109443141915525,False,False
9,672,-0.0016084359392374292,-0.004694994403373398,False,False
10,672,-0.001529308693004272,-0.005027108447790196,False,False
11,672,-0.000998684117967108,-0.005590435407677563,False,False
12,672,-0.00032059248364757487,-0.0059595701127797,False,False
13,672,-0.0006602253340989295,-0.0049588659878923025,False,False
14,672,0.0002437858768645773,-0.007107000375436878,True,False
15,672,-0.00014790730614999692,-0.007457808440403335,False,False
16,672,-0.001077265480373013,-0.007402570139290243,False,False
17,672,-0.0008302883050085308,-0.005324823106974685,False,False
18,672,0.0010670541260187072,-0.006402521102249592,True,False
19,672,0.004690220790783517,-0.0047108440762919646,True,False
20,672,0.0071578434970929194,-0.0038916570007030415,True,False
21,672,0.0034891896369170228,-0.0059422469508909614,True,False
22,672,0.002438266924357557,-0.004616730286070014,True,False
23,672,0.001453951984869084,-0.004261384645372068,True,False
24,672,6.769499910874721e-05,-0.0046149841407906456,True,False
25,672,-0.00017788821894737517,-0.004169424091405971,False,False
26,672,0.012608131529082467,-0.00023854154815272643,True,False
27,672,0.007873653254502733,-0.004868665372813719,True,False
28,672,-0.0032943720232144758,-0.005135994101625796,False,False
29,672,-0.004430231513330107,-0.005344026677531977,False,False
30,672,-0.004333746016167317,-0.00468316320539186,False,False
31,672,-0.0035517572327457003,-0.0037678852209903635,False,False
32,672,-0.0024427917696677737,-0.0034024952153441923,False,False
33,672,-0.0013869369698878975,-0.0026818717424264005,False,False
34,672,-0.001262194424083929,-0.0022570166534126024,False,False
35,672,-0.0008931010523095528,-0.002164582790965097,False,False
36,672,-0.0003546342490576837,-0.00185024523806121,False,False
37,672,-0.001093033121789877,-0.0026626088455656838,False,False
38,672,-0.0009815175526032283,-0.002674352415158898,False,False
39,672,-0.0015081105486695057,-0.003115043448287391,False,False
40,672,-0.001261154838862244,-0.002823617357659902,False,False
41,672,-0.001915773905933893,-0.003951292496447434,False,False
42,672,-0.0023430142065848925,-0.004062821256789806,False,False
43,672,-0.002907180095054307,-0.004285186114063144,False,False
44,672,-0.003339246436002141,-0.005103782753586028,False,False
45,672,-0.0032054998514554622,-0.005773129932075238,False,False
46,672,-0.0025897919042972006,-0.0052102641384812465,False,False
47,672,-0.0032542530639402267,-0.00544424750695649,False,False
48,672,-0.0033015765621887683,-0.00566052940723305,False,False
49,672,-0.0034928175812973805,-0.005685369561636899,False,False
50,672,-0.003910891166658215,-0.00514317819374277,False,False
51,672,-0.004181196288177036,-0.005848378881274652,False,False
52,672,-0.003359540583880105,-0.005722940366873708,False,False
53,672,-0.003370039417789683,-0.006303551984940814,False,False
54,672,-0.003123805651970568,-0.006089587788490336,False,False
55,672,-0.00285988069018861,-0.006430240255469677,False,False
56,672,-0.002852210657400822,-0.006239431064498202,False,False
57,672,-0.0023314659556621375,-0.005829743815180866,False,False
58,672,-0.0017035873452125871,-0.005417848328190589,False,False
59,672,-0.0014489565900003276,-0.0059257924364795045,False,False
60,672,-0.0013060508741009613,-0.005389861975363175,False,False
61,672,-0.0008255331697022417,-0.00517145039848943,False,False
62,672,0.0004318827388257729,-0.004016353529469496,True,False
63,672,0.00029263313954930315,-0.004637650867898135,True,False
64,672,-0.0015878970768780087,-0.005462160347984191,False,False
65,672,-0.001929584503197912,-0.005092065672152923,False,False
66,672,-0.002475152800019087,-0.005582982829352212,False,False
67,672,-0.0022411529625154802,-0.00535423909751509,False,False
68,672,-0.0005228009414562917,-0.0005260665323184588,False,False
69,672,0.0007441985516721816,-0.0038523244705959137,True,False
70,672,0.002489047984333026,-0.0020822648737635063,True,False
71,672,0.0027602008904017428,-0.002483008965305289,True,False
72,672,0.002586170674521493,-0.0023210902130849087,True,False
73,672,0.002237655327442689,-0.0030214672091019024,True,False
74,672,0.0021618730499111116,-0.0034418115542735883,True,False
75,672,0.002109738182162313,-0.003888908926288237,True,False
76,672,0.0019047098353696112,-0.004135479521916174,True,False
77,672,0.0016161165136566735,-0.004630272987562356,True,False
78,672,0.001760089059441472,-0.004594857957285203,True,False
79,672,0.0012687590452584718,-0.0044969773411487335,True,False
80,672,0.0010584123878910612,-0.004787274884957116,True,False
81,672,0.0011233780268363747,-0.003918879935649988,True,False
82,672,0.0007812312619949191,-0.004952016485863964,True,False
83,672,0.001068229171205748,-0.0047070185083052385,True,False
84,672,0.0008848378171396609,-0.0047448642245276895,True,False
85,672,0.0014341745439060416,-0.0028985667026425466,True,False
86,672,0.0007585907991316532,-0.004228515563402313,True,False
87,672,0.0005330679369750513,-0.004718053063711425,True,False
88,672,-0.0017362784914174423,-0.005322157483037437,False,False
89,672,-0.0029612719952128996,-0.005367098813123583,False,False
90,672,-0.004096907696242602,-0.006380674414439791,False,False
91,672,-0.004517467057922331,0.0013794591141934598,False,True
92,672,-0.00352030202009479,-0.005016904052453808,False,False
93,672,-0.0014070526966671881,-0.0051254228302299865,False,False
94,672,0.00022161992092140093,-0.004859388872526571,True,False
95,672,0.00024320210985573354,-0.004321943763804459,True,False
96,672,0.0028524900523354546,-0.004019375290791549,True,False
97,672,0.00243217784043237,-0.0038591190679673204,True,False
98,672,0.0026102304032007417,-0.003924728864098226,True,False
99,672,0.002724264040641078,-0.0033042326330050553,True,False
100,672,0.0023823943370764322,-0.003055301104500696,True,False
101,672,0.001957336821820199,-0.0042529037374072765,True,False
102,672,0.001496731648741756,-0.003095089511879201,True,False
103,672,0.001201371672510776,-0.0010607083010236718,True,False
104,672,0.002662749225170402,0.00046361700169694764,True,True
105,672,0.0015525786649900342,-0.0012886911588108063,True,False
106,672,0.0016917481427839443,-0.0024049474946131744,True,False
107,672,0.0015918569819010076,-0.002502554478064689,True,False
108,672,0.001851812363711236,-0.002489452742912235,True,False
109,672,0.0019695314506894546,0.0008567286950358355,True,True
110,672,0.0025097367811189875,-0.0028356963262103907,True,False
111,672,0.00229481999668113,-0.0031690057094952984,True,False
112,672,0.0022537961750029867,-0.0036624279169985563,True,False
113,672,0.0017953443210190212,-0.0039057001132940528,True,False
114,672,0.0013562821224119004,-0.005280801210865382,True,False
115,672,0.00011006647283706705,-0.0054815317549379294,True,False
116,672,0.0002374141725177692,-0.005425153810218575,True,False
117,672,-0.0009043811180651229,-0.005947607635346741,False,False
118,672,-0.0005984313627216409,-0.00636765182517518,False,False
119,672,-0.0006109318824104593,-0.006660755516032735,False,False
120,672,0.00034361118743742036,-0.006250973694126194,True,False
121,672,0.0003890458206248226,-0.005337226447355126,True,False
122,672,0.00023029171324051578,-0.00613662416583316,True,False
123,672,0.0010959228312377167,-0.0042874660388556585,True,False
124,672,0.0014938603599640166,-0.003976027639808755,True,False
125,672,0.0019540047377069047,-0.003794993675684921,True,False
126,672,0.0018051919139357997,-0.0039997695739324435,True,False
127,672,0.0013059248160921522,-0.004032214576367266,True,False
128,672,0.00046269749582938946,-0.004539207964369463,True,False
129,672,0.0010110553329335525,-0.003422955416534701,True,False
130,672,0.0036298527375510092,-0.004544124490055257,True,False
131,672,0.005684213785510539,-0.004613504316338224,True,False
132,672,0.001058736946611183,-0.0047370820337107045,True,False
133,672,0.0016468475082584977,-0.004484567271895279,True,False
134,672,0.0018883620808998192,-0.004520026746372641,True,False
135,672,0.0005348910882642111,-0.004474207691123722,True,False
136,672,0.003912933658006157,-0.004935096156508112,True,False
137,672,0.0006033157624053542,-0.004610448752063956,True,False
138,672,0.0007107218364723611,-0.005238014244195455,True,False
139,672,0.004971779365336104,-0.005098351732209405,True,False
140,672,0.0015437505186445266,-0.004379449073140584,True,False
141,672,0.002874274951503164,-0.003978098194014068,True,False
142,672,0.0035604846935815004,-0.0046888627904069224,True,False
143,672,0.001810361296648355,-0.005810238824738412,True,False
144,672,-0.00015674413921951125,-0.007190176295185369,False,False
145,672,-0.0014189344929457226,-0.0076566585823054645,False,False
146,672,-0.003938846393418571,-0.00896762747834412,False,False
147,672,-0.005201283177805216,-0.00937693930284289,False,False
148,672,-0.005637671847198877,-0.00914427428416087,False,False
149,672,-0.006179562863983801,-0.008061858653740983,False,False
150,672,-0.005770455073086933,-0.005819338436695909,False,False
151,672,-0.005492040469233794,-0.005388550378595425,False,False
152,672,-0.0022336716071325036,-0.004870046120803884,False,False
153,672,-0.005569028655168284,-0.006678791394841954,False,False
154,672,-0.005897252684237242,-0.0068707527495794896,False,False
155,672,-0.0059388969278657555,-0.006380157233251249,False,False
156,672,-0.006047416141850337,-0.006028494487296809,False,False
157,672,-0.005984069230849043,-0.006296193626675439,False,False
158,672,-0.003255702604377908,-0.005393521665498335,False,False
159,672,0.0012651955311285823,-0.004434289047016815,True,False
160,672,-0.00017310750548282794,-0.004419940481818929,False,False
161,672,0.003975088312068276,-0.002854869463841503,True,False
162,672,-0.005012252800673189,-0.004952847343432598,False,False
163,672,-0.006659578782870046,-0.006131129758273013,False,False
164,672,-0.005778362810705984,-0.005747703540413096,False,False
165,672,-0.003823322227963444,-0.006163665864215906,False,False
166,672,-0.0010927306044830054,-0.005454995602103163,False,False
167,672,-0.0033928479299353276,-0.0038864637249425016,False,False
0,1344,-0.0010000804147838327,-0.004609816511264464,False,False
1,1344,-0.0014655000173582344,-0.004524131341895665,False,False
2,1344,-0.0011673617682813608,-0.004464688239481651,False,False
3,1344,0.0008941712847599925,-0.0035905852529398707,True,False
4,1344,-0.0007521188097071585,-0.003078141726871708,False,False
5,1344,-0.0030469427458266196,-0.005306330759266786,False,False
6,1344,-0.0030029525119626976,-0.005318368499534154,False,False
7,1344,-0.0038748157835151176,-0.005865904418127177,False,False
8,1344,-0.0029087443647209943,-0.005500289442251338,False,False
9,1344,-0.0041560874907591305,-0.006287440477798167,False,False
10,1344,-0.004596972045925463,-0.006814031052013947,False,False
11,1344,-0.004810590595905051,-0.00728796748085303,False,False
12,1344,-0.004929226503276207,-0.007852642320196446,False,False
13,1344,-0.006088923397998047,-0.008113707643638501,False,False
14,1344,-0.005273538155006197,-0.009056350590460838,False,False
15,1344,-0.005385743412465449,-0.009368777019304941,False,False
16,1344,-0.0055482144171203895,-0.009160449625849498,False,False
17,1344,-0.005414597667756871,-0.008657475103667656,False,False
18,1344,-0.0007583467690860379,-0.007589189057067847,False,False
19,1344,0.003415410233510441,-0.005361723490016512,True,False
20,1344,0.0018876308610622505,-0.0064390499483819585,True,False
21,1344,-0.002038638614936583,-0.007685272382738972,False,False
22,1344,-0.0011276163316251697,-0.006407012854485972,False,False
23,1344,-0.0019105027716744827,-0.005990003900959495,False,False
24,1344,-0.002421092795937496,-0.006124014209126005,False,False
25,1344,-0.002580144263502948,-0.005967873587434891,False,False
26,1344,0.011056144274471102,-0.002455620237697076,True,False
27,1344,0.008864643335847244,-0.005495639663164353,True,False
28,1344,-0.004077703894191376,-0.006024109502869801,False,False
29,1344,0.00037178694947270774,-0.005827476955931221,True,False
30,1344,-0.003679597444145366,-0.0050068262132327845,False,False
31,1344,-0.0030472979970432856,-0.003229181996106001,False,False
32,1344,-0.0023844221808685395,-0.003683411951773019,False,False
33,1344,-0.0015966110700048608,-0.003025993017626849,False,False
34,1344,-0.001687620054490968,-0.0033252167520937403,False,False
35,1344,-0.0021056879802415773,-0.00355598809217772,False,False
36,1344,-0.0013928089723193038,-0.003353243173208287,False,False
37,1344,-0.002088077526104848,-0.0039451243295126615,False,False
38,1344,-0.0021354587225157484,-0.0040366129128510675,False,False
39,1344,-0.0021105055198981093,-0.004220803446858157,False,False
40,1344,-0.0018380243490682124,-0.0038868515347184607,False,False
41,1344,-0.0022332573117684884,-0.004582889423759839,False,False
42,1344,-0.0028389760715147316,-0.004639411998790144,False,False
43,1344,-0.002974162968453542,-0.004478530756992782,False,False
44,1344,-0.002329105281360877,-0.004495789990945687,False,False
45,1344,-0.0029642896571465682,-0.00489471911371564,False,False
46,1344,0.0003321338605960511,-0.004591548281840607,True,False
47,1344,0.0019429427772857943,-0.0037612121034069634,True,False
48,1344,0.0024619434948977004,-0.0026271267339034177,True,False
49,1344,-0.0007771693888619646,-0.004584649974200494,False,False
50,1344,-0.0019892065937350267,-0.004052854790588478,False,False
51,1344,-0.0019568499458904043,-0.003971367651144031,False,False
52,1344,-0.001276488958877442,-0.004230497109279807,False,False
53,1344,-0.0015752825159396355,-0.005147893133016113,False,False
54,1344,-0.0015473610016595307,-0.005329528139594086,False,False
55,1344,-0.001827371729203331,-0.0040912970932922565,False,False
56,1344,-0.001284436755210172,-0.004130056516338798,False,False
57,1344,-0.0009570840600807706,-0.003773739873473625,False,False
58,1344,-0.0008618804447373396,-0.004439670717448885,False,False
59,1344,-0.00033986162451415947,-0.0033780975554387194,False,False
60,1344,-0.0002892050619736075,-0.003557056567918049,False,False
61,1344,2.3099022963712912e-05,-0.0040561955076635625,True,False
62,1344,0.0009833792814322173,-0.0036427723565040093,True,False
63,1344,0.0019204674014523526,-0.003987855296128995,True,False
64,1344,-0.0012626028665335687,-0.004741698984469078,False,False
65,1344,-0.0014951563573648574,-0.004387190549706155,False,False
66,1344,-0.0014683979030862826,-0.004687839364505564,False,False
67,1344,-0.0015397513560697629,-0.004408492582553825,False,False
68,1344,-0.0003527594526750999,-0.0011543767501224211,False,False
69,1344,0.000332434302439788,-0.003263491002886476,True,False
70,1344,0.0011410031081600103,-0.00392289522578293,True,False
71,1344,0.0016878719720099244,-0.003969452024761622,True,False
72,1344,0.0017595582357869954,-0.003585689949643034,True,False
73,1344,0.0021686481391753887,-0.0035280103618758885,True,False
74,1344,0.001568422838159278,-0.004167433441671697,True,False
75,1344,0.0013040387670565368,-0.00485904872819487,True,False
76,1344,0.0018187128817130915,-0.004811825889888932,True,False
77,1344,0.001361227188109937,-0.005199766035209108,True,False
78,1344,0.0012923290203330495,-0.0049167717122469146,True,False
79,1344,0.0015044403561441655,-0.004659977417927341,True,False
80,1344,0.0007951712637992436,-0.004966686536060694,True,False
81,1344,0.0025104704533002176,-0.0038174060704264656,True,False
82,1344,0.0007354734281204145,-0.005264876913237959,True,False
83,1344,0.0012433863241555487,-0.005004026008865958,True,False
84,1344,0.0007973531845231197,-0.0038041809100359814,True,False
85,1344,0.0017606241625233165,-0.002933537943983988,True,False
86,1344,0.001193428790538853,-0.003739908055061081,True,False
87,1344,0.0008130612895854705,-0.003987525110046408,True,False
88,1344,-0.00127464434050506,-0.00426036164556165,False,False
89,1344,-0.0025585314584313235,-0.0031130966928001325,False,False
90,1344,-0.003975906416653463,-0.0060714638372387775,False,False
91,1344,-0.004159453393596468,-0.0038063246810225992,False,False
92,1344,-0.004016309162821807,-0.004275805445808745,False,False
93,1344,-0.0013297825029090493,-0.0055135037124720565,False,False
94,1344,-0.0007313933293103814,-0.005056585329961227,False,False
95,1344,-0.00011400335060363087,-0.005280341971972802,False,False
96,1344,0.000856554425403111,-0.005100854892055695,True,False
97,1344,0.0022918901061271812,-0.004216639474997175,True,False
98,1344,0.0029747898470173784,-0.005086727592182205,True,False
99,1344,0.0008444485155043591,-0.005187430773226254,True,False
100,1344,0.0006590714113776652,-0.004091738812966095,True,False
101,1344,0.0007306798451134355,-0.004445503356484082,True,False
102,1344,0.0002185012495272698,-0.003003412095243907,True,False
103,1344,-0.0004947460514883595,-0.0017680111326500159,False,False
104,1344,0.0032821447310230623,0.00023294304029664037,True,True
105,1344,-0.0005642670503505087,-0.001246475797210378,False,False
106,1344,-0.0007994095030815496,-0.003189860678894596,False,False
107,1344,-0.00048563226457598585,-0.004179953616671561,False,False
108,1344,-0.0008014586899615095,-0.004529434708267943,False,False
109,1344,-0.0010145802039376317,-0.001293708979133168,False,False
110,1344,-0.0009116747557030846,-0.005655190125598453,False,False
111,1344,-0.00040075517939852645,-0.005802687967124132,False,False
112,1344,-0.0011797881221006223,-0.006678266377778241,False,False
113,1344,-0.001689957959743249,-0.007737676060495913,False,False
114,1344,-0.002157854827932848,-0.008117138838517834,False,False
115,1344,-0.0016012478945677255,-0.007970145756837521,False,False
116,1344,-0.002264959264651867,-0.008510201974588405,False,False
117,1344,-0.002014395365531385,-0.008239723353705264,False,False
118,1344,-0.0021758082141274393,-0.00927415808974641,False,False
119,1344,-0.001999102259186869,-0.008981657206360683,False,False
120,1344,-0.002169701668535473,-0.00933742920638192,False,False
121,1344,-0.0021656171805514157,-0.0092328809530976,False,False
122,1344,-0.002128470457311349,-0.009891982903726504,False,False
123,1344,-0.0010891564229976725,-0.008751750104597722,False,False
124,1344,-0.0005911260887524472,-0.006846953955589319,False,False
125,1344,-0.0001853088552808968,-0.008050228237715618,False,False
126,1344,-0.00012616610917326465,-0.008095202365670962,False,False
127,1344,-0.0013363387409282002,-0.007644547874974927,False,False
128,1344,-0.0011158132955566558,-0.0077976931347853995,False,False
129,1344,-0.0014380664956653577,-0.005614615668241951,False,False
130,1344,0.006604071644372156,-0.0074117523875882885,True,False
131,1344,0.00027846684445542724,-0.006578352614614702,True,False
132,1344,-0.001105242744560364,-0.0070912806216385516,False,False
133,1344,-0.0011085504131154167,-0.006758564018820579,False,False
134,1344,-0.0006404965040883726,-0.006785033343901237,False,False
135,1344,-0.0017916120057037688,-0.00708315134260773,False,False
136,1344,-0.0010491543693026406,-0.00690835042527882,False,False
137,1344,-0.0010714779569651611,-0.007181455009092064,False,False
138,1344,-0.001813208850445558,-0.007451130870957612,False,False
139,1344,0.002495821478622595,-0.005996997534601811,True,False
140,1344,0.0006559924168364484,-0.005861001623632456,True,False
141,1344,0.0037685299267699035,-0.0053089507728565355,True,False
142,1344,0.0005817144159157017,-0.007158613261771807,True,False
143,1344,-0.0009870670540901294,-0.00806685630971904,False,False
144,1344,-0.0028819518487428475,-0.00850569841572979,False,False
145,1344,-0.003829028604304341,-0.007764672177851928,False,False
146,1344,-0.005725646805436968,-0.008944662169806605,False,False
147,1344,-0.0056946075137491725,-0.00750844034963527,False,False
148,1344,-0.005874544852428998,-0.008174088601979768,False,False
149,1344,-0.005065977865515214,-0.006843612782430286,False,False
150,1344,-0.004560514827998685,-0.0048049897845086065,False,False
151,1344,-0.004390212770228885,-0.003731469475848348,False,False
152,1344,-0.0002444402526872169,-0.0034678745545368983,False,False
153,1344,0.0021647390467527394,-0.005084597479690145,True,False
154,1344,-0.004593238556773072,-0.0056220905697528245,False,False
155,1344,-0.002083255688677177,-0.00474956997582332,False,False
156,1344,-0.004843810695425499,-0.005206337584631959,False,False
157,1344,-0.004910437803635093,-0.005598206984523513,False,False
158,1344,-0.003003175741226105,-0.005412648066893122,False,False
159,1344,-0.001736944987461464,-0.004814185455422559,False,False
160,1344,-0.0003843268611173345,-0.0038801367820068267,False,False
161,1344,0.0021072306520371065,-0.002196989546499939,True,False
162,1344,-0.006196502672333848,-0.00455516194129002,False,False
163,1344,-0.005549419038731518,-0.004999760299923661,False,False
164,1344,-0.005120834635023663,-0.0048102454645556625,False,False
165,1344,-0.004407605027238026,-0.005226426815323593,False,False
166,1344,-2.7872673797002534e-05,-0.0038245872775092282,False,False
167,1344,-0.0011910720596395308,-0.004182496872798258,False,False
0,2688,-0.00039270729049989406,-0.0043969709496781695,False,False
1,2688,0.0027703484356440544,-0.0031479097158928493,True,False
2,2688,0.002413298840518552,-0.00321855773040014,True,False
3,2688,0.005372547405617656,-0.0017368215896006456,True,False
4,2688,0.0015750836612614671,-0.004520714415095828,True,False
5,2688,-0.0017788468227218912,-0.005032373923446798,False,False
6,2688,-0.0018421702176458776,-0.005013530262139021,False,False
7,2688,-0.003176331719159209,-0.005467359249198167,False,False
8,2688,-0.002995902839227238,-0.0048840276606823,False,False
9,2688,-0.0039455821047477135,-0.006468929726916928,False,False
10,2688,-0.005178867662358533,-0.00706804874551914,False,False
11,2688,-0.005223958063149792,-0.0073998370628587384,False,False
12,2688,-0.0051610354069441255,-0.00796504970054579,False,False
13,2688,-0.005439756851564281,-0.008053611356179324,False,False
14,2688,-0.005192628233569918,-0.009064768008330892,False,False
15,2688,-0.005022687757294975,-0.009547429291937526,False,False
16,2688,-0.005774857162589964,-0.009306007041306907,False,False
17,2688,-0.005905617517723449,-0.008388820635070848,False,False
18,2688,0.0007636240987889398,-0.006561958867277062,True,False
19,2688,0.0027696895698975377,-0.005225582857668609,True,False
20,2688,0.0010157206691560061,-0.005736641834693579,True,False
21,2688,-0.0019676253754574713,-0.007039837269323557,False,False
22,2688,-0.0014062246048310856,-0.006507054323997896,False,False
23,2688,-0.002268903886545659,-0.006000931556626732,False,False
24,2688,-0.0019090357675598524,-0.005894044091647066,False,False
25,2688,0.0061247111620478245,-0.003861262283733957,True,False
26,2688,0.006746658542383432,-0.004489160092229438,True,False
27,2688,0.001646642933236131,-0.006147055309647653,True,False
28,2688,-0.005129863560063175,-0.005815820327194743,False,False
29,2688,-3.8075871877651934e-05,-0.006651858135519717,False,False
30,2688,-0.005151412295774316,-0.005717352684151633,False,False
31,2688,-0.003919008675432822,-0.0031400876713657544,False,False
32,2688,-0.004130722987635949,-0.003536001135375111,False,False
33,2688,-0.0021555852492896044,-0.003932307115079414,False,False
34,2688,-0.0022898697343332053,-0.004100883048113402,False,False
35,2688,-0.0018206997193007668,-0.004340423758968703,False,False
36,2688,-0.0019257159355037246,-0.004293595340213119,False,False
37,2688,-0.0017271051935005,-0.002797292046641031,False,False
38,2688,-0.0016887757482564325,-0.0027405650943738147,False,False
39,2688,-0.0005264735686918431,-0.003966214736205287,False,False
40,2688,-0.0006469178238778239,-0.004547834035599996,False,False
41,2688,-0.0011514759198265612,-0.005635523931626363,False,False
42,2688,-0.0018137184010525997,-0.005729105245952604,False,False
43,2688,-0.0020338783945753613,-0.005693441637894203,False,False
44,2688,0.00020180800804747712,-0.005750867370001855,True,False
45,2688,-0.002725485447955145,-0.006308453868480335,False,False
46,2688,0.0014157006061242816,-0.005271542225747661,True,False
47,2688,0.004531022459680845,-0.0052901786641128545,True,False
48,2688,0.003908577091729537,-0.00393058669738533,True,False
49,2688,9.43155182199229e-05,-0.00602383762396963,True,False
50,2688,-0.002204548071891299,-0.005402763765310126,False,False
51,2688,-0.001944251323539703,-0.004943259399204258,False,False
52,2688,-0.0011323221229172509,-0.004619340472570954,False,False
53,2688,-0.0012875539241516964,-0.00486791945879006,False,False
54,2688,-0.0014996058998061335,-0.004368584326881919,False,False
55,2688,-0.001631141944505199,-0.003897004643339308,False,False
56,2688,-0.0011733119107081302,-0.003827759671883535,False,False
57,2688,-0.0007710715114181976,-0.0032635104825918804,False,False
58,2688,-0.0006872448026548073,-0.004369191855518206,False,False
59,2688,-0.0006325410646893515,-0.004690524915868743,False,False
60,2688,-0.0005340787055958529,-0.004563819884891518,False,False
61,2688,-0.00046545608725212517,-0.004163630096804316,False,False
62,2688,0.0002934111335287648,-0.0038563411161726124,True,False
63,2688,0.0016452120393252168,-0.0037242706903249934,True,False
64,2688,-0.0014359200773519376,-0.004680409182734269,False,False
65,2688,-0.0012741368940978326,-0.004410255417787168,False,False
66,2688,-0.001779703693027268,-0.0037971500890854326,False,False
67,2688,-0.001412968369323031,-0.004231361587078375,False,False
68,2688,-0.0002858386422955883,-0.003297668867801695,False,False
69,2688,-2.0962690794879002e-05,-0.0014340566205011118,False,False
70,2688,0.00359711887658154,-0.0038058188055749564,True,False
71,2688,0.0005469957178654283,-0.004433910873147484,True,False
72,2688,0.0005077156480930434,-0.004430440662499313,True,False
73,2688,0.0012182648169450916,-0.004307504517840233,True,False
74,2688,0.0007032566626148373,-0.00480316598812025,True,False
75,2688,0.0007201178975869693,-0.005184991359951541,True,False
76,2688,0.0004605756589282084,-0.005014460037856994,True,False
77,2688,0.0002876252231442944,-0.006165122782055943,True,False
78,2688,0.0004469245897724683,-0.005865850014541429,True,False
79,2688,0.0004855099794940365,-0.00556311276313648,True,False
80,2688,0.0005453235866909045,-0.005298929158850441,True,False
81,2688,0.0027175282458499206,-0.004895926469948408,True,False
82,2688,0.00013830497054911906,-0.005665649542817008,True,False
83,2688,0.0007942688562622147,-0.005465613207302877,True,False
84,2688,0.00010700190569046253,-0.005544287887411903,True,False
85,2688,0.0007731341924170909,-0.003909064418962105,True,False
86,2688,0.0007878110770075386,-0.004478205148357173,True,False
87,2688,-0.0001427568587257788,-0.0033744457986510934,False,False
88,2688,-0.0019033602517053438,-0.004550058140786795,False,False
89,2688,-0.002848897348747048,-0.004051720358063782,False,False
90,2688,-0.0038696187687270456,-0.00467444514873494,False,False
91,2688,-0.00419461082586281,-0.004307322895873433,False,False
92,2688,-0.003018544654640798,-0.0040088574664545185,False,False
93,2688,-0.0013310900826521976,-0.0041347883755527,False,False
94,2688,-0.0005091987706263845,-0.004820767793180303,False,False
95,2688,-0.00044215830285643243,-0.00555442888860691,False,False
96,2688,-4.343168674725284e-05,-0.004969327012361857,False,False
97,2688,0.0013388686327653332,-0.003618430884574475,True,False
98,2688,0.003892199868363644,-0.004381460497523082,True,False
99,2688,0.0006080089261482069,-0.005177038326391492,True,False
100,2688,0.0002043188207463409,-0.004972385350882735,True,False
101,2688,0.00038268747207981235,-0.005354663555292127,True,False
102,2688,0.0005978738434626596,-0.0044691549725836,True,False
103,2688,0.005758898056257955,-0.0006894709084105388,True,False
104,2688,0.010465196359466744,-0.000655230596369627,True,False
105,2688,0.0002308182067439768,-0.0024949352271597114,True,False
106,2688,-0.0007143919332883719,-0.00426349158569761,False,False
107,2688,-0.0002764279464940733,-0.005242023221204484,False,False
108,2688,-0.00020429198687876848,-0.005132807829189234,False,False
109,2688,0.0039188184746420385,-0.0036084278357020327,True,False
110,2688,3.235915358545949e-05,-0.004982640963721918,True,False
111,2688,0.0002643725320622403,-0.005199994788022244,True,False
112,2688,-0.0005926960840413331,-0.006206966525420188,False,False
113,2688,-0.0009170850591149193,-0.006805514182077865,False,False
114,2688,-0.0001145348483130304,-0.00730888372321592,False,False
115,2688,-0.000879357200477493,-0.007479612271407143,False,False
116,2688,-0.00014309467088735595,-0.0077157517642245654,False,False
117,2688,-0.0004999816372635024,-0.007894306806464857,False,False
118,2688,-0.0003554527531915985,-0.008704269117344454,False,False
119,2688,-0.0006388223875812837,-0.008397572290942956,False,False
120,2688,-0.0009910142359598195,-0.0075979824585006295,False,False
121,2688,-0.0009248887827046914,-0.008292288994934394,False,False
122,2688,-0.0012008558505661737,-0.009196314450930831,False,False
123,2688,-0.0006699831774639176,-0.008499487361228963,False,False
124,2688,-0.00040840831155297685,-0.007134108769627279,False,False
125,2688,-0.0009927357389301061,-0.00807773431482306,False,False
126,2688,-0.0007851694370833995,-0.007798249822387304,False,False
127,2688,-0.0015021186165729006,-0.007257519798821388,False,False
128,2688,-0.0014773509118765071,-0.007767619958357175,False,False
129,2688,-0.002539707300603933,-0.007010517433118535,False,False
130,2688,0.005132209361096707,-0.0069220282977234815,True,False
131,2688,-0.0006911089950062399,-0.006293000635360979,False,False
132,2688,-0.001580192770470834,-0.006766761829922641,False,False
133,2688,-0.0016576464659604495,-0.006886254393138058,False,False
134,2688,-0.0010528230855366694,-0.007060432311315257,False,False
135,2688,-0.001794496865393902,-0.00736351132338442,False,False
136,2688,-0.001494839383828106,-0.007203441906218466,False,False
137,2688,-0.002399555198685177,-0.0075090975636641355,False,False
138,2688,-0.002577188519175211,-0.008005923016296657,False,False
139,2688,-0.0026775647171649597,-0.00824161055012973,False,False
140,2688,-0.0004898559892227983,-0.0068010820367139235,False,False
141,2688,0.005305011134516313,-0.005897507516916423,True,False
142,2688,-0.0005758226758083573,-0.008507296540926856,False,False
143,2688,-0.0017737836364067894,-0.009578448628135838,False,False
144,2688,-0.002448458765690109,-0.009533719136499808,False,False
145,2688,-0.0038118736438088607,-0.009214287468470195,False,False
146,2688,-0.006564828044507531,-0.010805210190212744,False,False
147,2688,-0.006639252703974585,-0.009370840957093618,False,False
148,2688,-0.0065774122334512075,-0.009888019561112182,False,False
149,2688,-0.006896738011020753,-0.0084301563670236,False,False
150,2688,-0.006152746096835915,-0.007065124184549854,False,False
151,2688,-0.006041051135808995,-0.0060232497558661,False,False
152,2688,-0.004255996279010743,-0.005054642275053367,False,False
153,2688,0.00014817771089215004,-0.005897083011908166,True,False
154,2688,-0.005138570365587514,-0.006353932619198588,False,False
155,2688,-1.2020975039384041e-05,-0.004449364618838492,False,False
156,2688,-0.002052946402267053,-0.004444327852397345,False,False
157,2688,-0.0042180286105582,-0.0054970421799603875,False,False
158,2688,-0.0007619950080570703,-0.004501447414577919,False,False
159,2688,0.0036002150960263712,-0.0032714051988698145,True,False
160,2688,-0.0002409660584080653,-0.003607400128128546,False,False
161,2688,0.004157661200039797,-0.001960122199398673,True,False
162,2688,-0.003893765701464269,-0.0031968391076968583,False,False
163,2688,-0.0036117206622540143,-0.004375280489829714,False,False
164,2688,-0.0034348551789173953,-0.004275742683746309,False,False
165,2688,0.003785270376653882,0.0001675437348077624,True,True
166,2688,0.002991223861531944,0.0013275538228672001,True,True
167,2688,0.0014581611033733788,-0.0007429816434773029,True,False
