metric_a,metric_b,n_samples,pearson_median,pearson_q25,pearson_q75,pearson_min,pearson_max,pearson_n_positive,pearson_n_negative,spearman_median,spearman_q25,spearman_q75,spearman_min,spearman_max,spearman_n_positive,spearman_n_negative,interpretation_level
psnruv,speed_mae,168,0.9926140883920083,0.9909122662066612,0.994627444264934,0.9803500233934678,0.9973798856861392,168,0,0.9824561403508771,0.980701754385965,0.9894736842105263,0.9701754385964912,1.0,168,0,within_sample_across_methods
psnruv,speed_rmse,168,0.9974223058885341,0.9960006552554659,0.998155545587351,0.9885285587133117,0.9994455739635598,168,0,0.987719298245614,0.9842105263157894,0.9929824561403509,0.9771929824561404,1.0,168,0,within_sample_across_methods
psnruv,wpd_mae,168,0.987072733071689,0.9815976314240034,0.9905348012720425,0.9719234525718748,0.998045131763123,168,0,0.9824561403508771,0.9789473684210527,0.9859649122807017,0.9596491228070175,0.9982456140350877,168,0,within_sample_across_methods
psnruv,wpd_w1,168,0.5798516570741808,0.3205855650893635,0.739878728550678,-0.11060157888752745,0.8890568836570326,159,9,-0.06315789473684211,-0.11798245614035088,0.08771929824561403,-0.41754385964912283,0.5421052631578948,67,101,within_sample_across_methods
psnruv,wpd_bias_abs,168,0.6266984545724282,0.3010251142738347,0.7356928788740192,-0.3754696795008781,0.8744690161640012,154,14,0.07543859649122807,-0.04868421052631579,0.16140350877192983,-0.6017543859649123,0.5824561403508772,114,54,within_sample_across_methods
psnruv,grad_mae,168,0.7497800284180174,0.6405521420783732,0.8381977993720183,0.3934918417614101,0.9660439694970764,168,0,0.1192982456140351,-0.06315789473684211,0.19210526315789475,-0.18947368421052632,0.7456140350877193,108,60,within_sample_across_methods
psnruv,grad_w1,168,-0.5273271523652181,-0.5785912465386875,-0.4749642031375931,-0.6769655798100698,-0.25884650021977446,0,168,-0.5877192982456141,-0.6109649122807017,-0.5539473684210526,-0.7508771929824561,-0.387719298245614,0,168,within_sample_across_methods
psnruv,grad_kurtosis_abs_delta,168,-0.0008420776146969306,-0.32456301494082124,0.3015787624298519,-0.7125195603560472,0.8330705770832485,83,85,-0.2578947368421053,-0.5684210526315789,0.37587719298245614,-0.9421052631578948,0.9210526315789473,62,106,within_sample_across_methods
psnruv,psd_log_l2,168,-0.6755173923645288,-0.7467800130019298,-0.5461758351385659,-0.84461412290237,-0.1359394637202349,0,168,-0.7149122807017544,-0.7421052631578947,-0.6868421052631579,-0.8280701754385965,-0.5385964912280702,0,168,within_sample_across_methods
psnruv,psd_slope_abs_delta,168,-0.6616331165711791,-0.8220822070663668,-0.5093668234139173,-0.9007183979434686,-0.24643106789922753,0,168,-0.5807017543859649,-0.6280701754385964,-0.5381578947368422,-0.7684210526315789,-0.3929824561403509,0,168,within_sample_across_methods
psnruv,exceed_abs_t5,168,-0.01342329830672185,-0.2415620421311088,0.3916443304611065,-0.6900906988092703,0.8969582995422861,82,86,-0.37543859649122807,-0.5109649122807018,-0.22587719298245615,-0.6807017543859649,0.7385964912280701,25,143,within_sample_across_methods
psnruv,exceed_abs_t10,168,0.6237488293705908,0.35637642744261805,0.7498580331136601,-0.5105354648727118,0.8388924769703932,158,10,0.08771929824561403,-0.054385964912280704,0.35043859649122805,-0.6192982456140351,0.775438596491228,107,61,within_sample_across_methods
psnruv,exceed_abs_t15,168,0.37939535559932713,0.05800978406085879,0.6584476951631077,-0.3640313754807242,0.8892847713185702,134,34,-0.07105263157894737,-0.19649122807017544,0.12587719298245614,-0.4982456140350877,0.5736842105263158,73,95,within_sample_across_methods
psnruv,exceed_abs_p90,168,0.4510067508487824,0.22929563545589307,0.6854798233069404,-0.3341850150926249,0.8971912975987213,151,17,0.0004387889847599307,-0.08464912280701754,0.15730585103643513,-0.45087719298245615,0.6701754385964912,84,83,within_sample_across_methods
psnruv,comp_curve_l1,168,-0.051145234133447605,-0.48427336966235546,0.37557414217480944,-0.7696285005662216,0.7405740899350765,79,89,-0.4535087719298246,-0.6020398057387204,-0.29825541621752044,-0.7415533842442829,-0.11599314925707363,0,168,within_sample_across_methods
psnruv,comp_abs_t5,168,-0.6126956291848968,-0.7431011725235712,-0.20419624813050102,-0.9205805876684839,0.803166895407314,33,135,-0.42556031665729416,-0.5656902045945351,-0.2847759704245842,-0.7577495856988063,0.5797777380643231,14,154,within_sample_across_methods
psnruv,comp_abs_t10,168,-0.6536552004098821,-0.738993236304864,-0.5504369703957558,-0.8571577729870556,0.2787651790894999,4,164,-0.6019332983484837,-0.6471242435487462,-0.533172456874639,-0.8021062641411533,-0.20447566689812768,0,168,within_sample_across_methods
psnruv,comp_abs_t15,168,0.0370690250699153,-0.45851716289252875,0.5122070764960902,-0.9278500300474917,0.8080242987950237,87,81,-0.3903531719837924,-0.5695759230145601,-0.27099234356591523,-0.7512067419090013,0.05265467817119168,2,166,within_sample_across_methods
psnruv,pd_distance,168,-0.39402249769596426,-0.44024217819044126,-0.33692459791959123,-0.5884398458520661,-0.03519101995384315,0,168,-0.48606811145510836,-0.5175438596491229,-0.4674922600619195,-0.8080495356037152,-0.23426212590299278,0,168,within_sample_across_methods
psnruv,mt_distance,168,0.4648957071960268,0.11715472412341513,0.6838226544214043,-0.5600484754805394,0.8920258022935406,135,33,-0.19195046439628483,-0.38596491228070173,0.10784313725490197,-0.8555211558307534,0.7997936016511867,51,117,within_sample_across_methods
speed_mae,speed_rmse,168,0.9962859307918017,0.9945943893329354,0.9977484240587737,0.9804944324615109,0.9995206544454668,168,0,0.9947368421052631,0.9912280701754386,0.9964912280701754,0.9771929824561404,1.0,168,0,within_sample_across_methods
speed_mae,wpd_mae,168,0.9977887618529434,0.9964448965072565,0.9984899577301447,0.9816913964930377,0.9996703715164552,168,0,0.9964912280701754,0.9912280701754386,0.9982456140350877,0.9719298245614035,1.0,168,0,within_sample_across_methods
speed_mae,wpd_w1,168,0.6450570943869504,0.31737617052790945,0.7858366744326741,-0.11105611974573773,0.906287982015899,160,8,-0.04824561403508772,-0.09649122807017543,0.09078947368421053,-0.41754385964912283,0.5421052631578948,66,102,within_sample_across_methods
speed_mae,wpd_bias_abs,168,0.6668764746386047,0.30308648246218234,0.7827823979825398,-0.4316748738931776,0.9176012519273762,154,14,0.09385964912280702,-0.019736842105263157,0.17982456140350878,-0.5736842105263158,0.5912280701754385,123,45,within_sample_across_methods
speed_mae,grad_mae,168,0.7438080390552796,0.6501460178026658,0.847542830930045,0.4499733949529311,0.9789469091242786,168,0,0.1192982456140351,-0.03728070175438596,0.20394736842105263,-0.156140350877193,0.8035087719298246,121,47,within_sample_across_methods
speed_mae,grad_w1,168,-0.5579664066183967,-0.5870118942501815,-0.5209631536453447,-0.674657287058397,-0.2670450934708406,0,168,-0.5771929824561404,-0.6087719298245614,-0.5530701754385965,-0.7491228070175439,-0.387719298245614,0,168,within_sample_across_methods
speed_mae,grad_kurtosis_abs_delta,168,-0.005368413144314973,-0.317932931866081,0.278424347584475,-0.680980018809711,0.7655372802141877,83,85,-0.27368421052631575,-0.5657894736842105,0.3706140350877193,-0.9421052631578948,0.9315789473684211,62,106,within_sample_across_methods
speed_mae,psd_log_l2,168,-0.7074924189280255,-0.7650245664769066,-0.5880822821359784,-0.8626569563274139,-0.1648372153879447,0,168,-0.7114035087719298,-0.7368421052631579,-0.6785087719298246,-0.8052631578947368,-0.5333333333333333,0,168,within_sample_across_methods
speed_mae,psd_slope_abs_delta,168,-0.6659709677566141,-0.8218790421723406,-0.4845963521258054,-0.9051127863292379,-0.2539029860501896,0,168,-0.5903508771929824,-0.6385964912280702,-0.543859649122807,-0.7315789473684211,-0.39473684210526316,0,168,within_sample_across_methods
speed_mae,exceed_abs_t5,168,0.028891135222328772,-0.2274775384306258,0.48342798699083217,-0.7615177888417154,0.8975100270698874,89,79,-0.3894736842105263,-0.5322954563857147,-0.2451754385964912,-0.6877192982456141,0.7736842105263158,24,144,within_sample_across_methods
speed_mae,exceed_abs_t10,168,0.6561917858640898,0.3749501543254758,0.8037592415455741,-0.47784280453418776,0.8947945544523552,155,13,0.07894736842105263,-0.042105263157894736,0.3425438596491228,-0.6157894736842106,0.7824561403508772,106,60,within_sample_across_methods
speed_mae,exceed_abs_t15,168,0.4139656915430361,0.060965242222584606,0.6984511905927628,-0.3686449367077226,0.9103948686248666,134,34,-0.04473684210526316,-0.16666666666666666,0.14868421052631578,-0.48705577308352305,0.5649122807017544,77,90,within_sample_across_methods
speed_mae,exceed_abs_p90,168,0.4870175743426405,0.23718558174655766,0.7059154239141158,-0.39006385432416896,0.9155618193301934,151,17,0.013604581283486497,-0.06184210526315789,0.18229661134690583,-0.443859649122807,0.7052631578947368,87,78,within_sample_across_methods
speed_mae,comp_curve_l1,168,-0.0347534854499085,-0.4590307873000775,0.4190680652244012,-0.8153187495747788,0.7860120381894458,80,88,-0.4531704645686958,-0.6039930375220446,-0.3175438596491228,-0.7427570904800098,-0.13508771929824562,0,168,within_sample_across_methods
speed_mae,comp_abs_t5,168,-0.6561759251630461,-0.7719890285291079,-0.2538359723162019,-0.9205600766550958,0.8256694745346486,32,136,-0.4377610944800038,-0.5780342010332643,-0.2876046841033503,-0.7469240352910452,0.5373549767425433,15,153,within_sample_across_methods
speed_mae,comp_abs_t10,168,-0.6781444704466008,-0.7694227113632341,-0.5875352197151004,-0.9119829623272747,0.3155807017446934,4,164,-0.6219004564240148,-0.6714208724875546,-0.5440386681074373,-0.7503291639394815,-0.20974113471524686,0,168,within_sample_across_methods
speed_mae,comp_abs_t15,168,0.05877953901406836,-0.41479885794111426,0.5565381472019987,-0.9312984568465162,0.8313894763269452,89,79,-0.3921295082246234,-0.5604408225605109,-0.2775038113761541,-0.746818852061402,0.04036858659791362,1,167,within_sample_across_methods
speed_mae,pd_distance,168,-0.3847058538110921,-0.4316323337758102,-0.3280422287257742,-0.5991051245327387,-0.0449857368742858,0,168,-0.4757481940144479,-0.5025799793601651,-0.456656346749226,-0.8121775025799793,-0.21981424148606812,0,168,within_sample_across_methods
speed_mae,mt_distance,168,0.5404520829827604,0.14891334161106276,0.7312897942276787,-0.4658251758737092,0.9102522452736224,144,24,-0.17337461300309598,-0.3823529411764706,0.13364293085655315,-0.8555211558307534,0.7853457172342622,52,116,within_sample_across_methods
speed_rmse,wpd_mae,168,0.992114786216362,0.9887755142017548,0.9946832424599056,0.9758971929399101,0.9987283134599563,168,0,0.9929824561403509,0.9859649122807017,0.9947368421052631,0.9526315789473684,1.0,168,0,within_sample_across_methods
speed_rmse,wpd_w1,168,0.5971543320527053,0.30858948585503876,0.7764616778728795,-0.09500244538122389,0.9124531907011514,158,10,-0.04736842105263158,-0.1162280701754386,0.08596491228070176,-0.39473684210526316,0.5543859649122806,70,98,within_sample_across_methods
speed_rmse,wpd_bias_abs,168,0.6473727478369827,0.3050840234637141,0.7632800841475537,-0.3500058245754611,0.9181859035617697,154,14,0.08859649122807017,-0.02719298245614035,0.1736842105263158,-0.5684210526315789,0.5894736842105263,117,50,within_sample_across_methods
speed_rmse,grad_mae,168,0.7556879304626485,0.6397033565134675,0.8475605455299191,0.40541109786011875,0.9769037996392047,168,0,0.12456140350877193,-0.045614035087719294,0.20131578947368423,-0.18070175438596492,0.7719298245614035,115,53,within_sample_across_methods
speed_rmse,grad_w1,168,-0.5416573636578783,-0.5884527360065662,-0.4955694973231759,-0.6849264628005112,-0.22818405846410053,0,168,-0.5754385964912281,-0.6052631578947368,-0.5521929824561403,-0.7385964912280701,-0.37894736842105264,0,168,within_sample_across_methods
speed_rmse,grad_kurtosis_abs_delta,168,0.020678722922799802,-0.3090991008636541,0.31644597088766846,-0.6768805888632808,0.8252206396131252,87,81,-0.2543859649122807,-0.562719298245614,0.37763157894736843,-0.9368421052631579,0.9333333333333333,62,106,within_sample_across_methods
speed_rmse,psd_log_l2,168,-0.6958282409937907,-0.7501313227909626,-0.551927376139957,-0.8565708758362868,-0.12904614679361312,0,168,-0.7149122807017544,-0.7368421052631579,-0.6820175438596492,-0.8087719298245614,-0.5280701754385965,0,168,within_sample_across_methods
speed_rmse,psd_slope_abs_delta,168,-0.6552275322822532,-0.8213061231325246,-0.48709863405336995,-0.9005423545047969,-0.21188519520415475,0,168,-0.5859649122807018,-0.6350877192982456,-0.5298245614035088,-0.775438596491228,-0.38596491228070173,0,168,within_sample_across_methods
speed_rmse,exceed_abs_t5,168,0.020117567482040757,-0.233462986327381,0.44791931489873227,-0.6884807695644685,0.9044538779650105,86,82,-0.3894736842105263,-0.5337719298245613,-0.2412280701754386,-0.6877192982456141,0.756140350877193,22,146,within_sample_across_methods
speed_rmse,exceed_abs_t10,168,0.649007438075996,0.36094257469836266,0.7858622124845263,-0.5124179770050264,0.8996770365508863,158,10,0.09561403508771929,-0.04035087719298246,0.35526315789473684,-0.6192982456140351,0.7894736842105263,107,59,within_sample_across_methods
speed_rmse,exceed_abs_t15,168,0.3987450731096752,0.04598565913952172,0.6952800676488073,-0.34262715003552147,0.9133284746210046,132,36,-0.05,-0.181140350877193,0.14605263157894738,-0.47564725947976483,0.5824561403508772,76,92,within_sample_across_methods
speed_rmse,exceed_abs_p90,168,0.4547582024680186,0.2267407126117109,0.6962278775896696,-0.31608965764588387,0.9184185342407732,148,20,0.02280701754385965,-0.07894736842105263,0.17878495201410338,-0.4421052631578947,0.6947368421052632,90,78,within_sample_across_methods
speed_rmse,comp_curve_l1,168,-0.03372067143197385,-0.47953057980628055,0.4071378394800177,-0.7567399931612288,0.7987055211777013,81,87,-0.46194547428976696,-0.6054618112196168,-0.3054303822852999,-0.7398956945034545,-0.11950809317395465,0,168,within_sample_across_methods
speed_rmse,comp_abs_t5,168,-0.6107949897580186,-0.7597499442958549,-0.21304895950317917,-0.9228528099318649,0.8317969216272686,33,135,-0.4328359877147102,-0.5750993133774269,-0.28983988202330224,-0.7577495856988063,0.54442543696284,15,153,within_sample_across_methods
speed_rmse,comp_abs_t10,168,-0.663864616593349,-0.7460778384596832,-0.5763214537548986,-0.8654287059558285,0.32749620311633076,4,164,-0.6118061895553116,-0.6592736465811273,-0.5390522677775749,-0.7889425945983554,-0.20974113471524686,0,168,within_sample_across_methods
speed_rmse,comp_abs_t15,168,0.0621095792024997,-0.44436734187104876,0.5403158904076262,-0.922573650171012,0.8327800108369875,88,80,-0.38610765257683893,-0.567695818502051,-0.2693568022056199,-0.7485740080004417,0.06669592568350946,1,166,within_sample_across_methods
speed_rmse,pd_distance,168,-0.3882774958191173,-0.44063334117091285,-0.3323066731240122,-0.6056261786646324,-0.022977172126260333,0,168,-0.47368421052631576,-0.5077399380804954,-0.456656346749226,-0.8080495356037152,-0.22394220846233232,0,168,within_sample_across_methods
speed_rmse,mt_distance,168,0.49146611534445483,0.1142026043303818,0.7019643358117577,-0.5387106285091035,0.9250519128890793,138,30,-0.17543859649122806,-0.37925696594427244,0.1264189886480908,-0.8452012383900929,0.803921568627451,52,116,within_sample_across_methods
wpd_mae,wpd_w1,168,0.68627789682335,0.3357681596159101,0.8210472269778557,-0.12152393419104429,0.9169419870106733,163,5,-0.05263157894736842,-0.10570175438596491,0.07894736842105263,-0.4263157894736842,0.6263157894736842,65,103,within_sample_across_methods
wpd_mae,wpd_bias_abs,168,0.6960618524689084,0.31532831310188303,0.8114890787601102,-0.3955492398597694,0.9131626373434839,154,14,0.09035087719298246,-0.03508771929824561,0.16885964912280702,-0.6017543859649123,0.5789473684210527,122,46,within_sample_across_methods
wpd_mae,grad_mae,168,0.7440672273372849,0.6612259929651594,0.8561373867904198,0.4956223339435515,0.9717691421895274,168,0,0.09824561403508772,-0.032017543859649125,0.2057017543859649,-0.1543859649122807,0.7631578947368421,117,50,within_sample_across_methods
wpd_mae,grad_w1,168,-0.5549692520064262,-0.5725948897426589,-0.5329712364729433,-0.6742382767990575,-0.26982560958420077,0,168,-0.5789473684210527,-0.6035087719298246,-0.562719298245614,-0.7508771929824561,-0.41754385964912283,0,168,within_sample_across_methods
wpd_mae,grad_kurtosis_abs_delta,168,-0.0005336571624523608,-0.3002796912555566,0.26854877831992385,-0.6668790722585093,0.810051154531354,84,84,-0.2692982456140351,-0.5635964912280702,0.3785087719298246,-0.9368421052631579,0.9350877192982456,62,106,within_sample_across_methods
wpd_mae,psd_log_l2,168,-0.6950289541207256,-0.7621542799813159,-0.5960500360239553,-0.8433469523227746,-0.17898897062819116,0,168,-0.7070175438596491,-0.7368421052631579,-0.6771929824561403,-0.8578947368421053,-0.5368421052631579,0,168,within_sample_across_methods
wpd_mae,psd_slope_abs_delta,168,-0.6666420362625474,-0.81666022910411,-0.47260746284163163,-0.8822864163859544,-0.256804302057851,0,168,-0.5973684210526315,-0.6350877192982456,-0.5543859649122806,-0.7350877192982456,-0.3929824561403509,0,168,within_sample_across_methods
wpd_mae,exceed_abs_t5,168,0.0606432329798958,-0.21267229322963677,0.5165007512292887,-0.7172226755372701,0.91269189686145,93,75,-0.3894736842105263,-0.5302631578947368,-0.2307017543859649,-0.6754385964912281,0.7964912280701755,23,145,within_sample_across_methods
wpd_mae,exceed_abs_t10,168,0.677590991826154,0.3812244582649299,0.8281900648757607,-0.48187317695928317,0.9061461782946515,159,9,0.07631578947368421,-0.05175438596491228,0.34517543859649125,-0.5859649122807018,0.7894736842105263,109,58,within_sample_across_methods
wpd_mae,exceed_abs_t15,168,0.44618905478031595,0.06759733452263093,0.7154889873449849,-0.3822344277510544,0.9085583675345914,135,33,-0.04869479767056811,-0.17719298245614035,0.1263567905959705,-0.5204408173926962,0.5561403508771929,73,94,within_sample_across_methods
wpd_mae,exceed_abs_p90,168,0.5177977975433523,0.25224385032514984,0.7198672829741533,-0.3495652010768713,0.9152983476813445,149,19,0.008771929824561403,-0.07763157894736843,0.18728070175438596,-0.45964912280701753,0.6982456140350877,89,78,within_sample_across_methods
wpd_mae,comp_curve_l1,168,-0.034386467821893384,-0.43834793259859983,0.41698153825014284,-0.7714508403938783,0.7546524991190429,83,85,-0.46282035734984084,-0.5969298245614034,-0.3376848421147953,-0.7348554193046906,-0.13333333333333333,0,168,within_sample_across_methods
wpd_mae,comp_abs_t5,168,-0.6339518059444105,-0.7771186454557533,-0.2812257271730008,-0.9149513939713029,0.8364989996612737,32,136,-0.4236173713435044,-0.5761380748251024,-0.28210300484133766,-0.8100292048600841,0.5523797047106737,14,154,within_sample_across_methods
wpd_mae,comp_abs_t10,168,-0.6754414103308286,-0.7630633999784451,-0.5815463002681256,-0.8827650781389695,0.36131024036003656,4,164,-0.6197061260058107,-0.664326522926535,-0.5350444957916884,-0.7366113462325393,-0.1974550431419688,0,168,within_sample_across_methods
wpd_mae,comp_abs_t15,168,0.07101495835164198,-0.40881231573876364,0.5784261940286582,-0.932641944036691,0.8485989272997201,89,79,-0.4070466864437235,-0.5651463390088649,-0.28192192270825545,-0.7380430723662034,0.01316366954279792,1,167,within_sample_across_methods
wpd_mae,pd_distance,168,-0.37804390783310926,-0.43479354435468176,-0.31987669162764637,-0.5900925435531797,-0.0671204674376083,0,168,-0.4716202270381837,-0.5108359133126935,-0.4525283797729618,-0.7936016511867905,-0.20743034055727555,0,168,within_sample_across_methods
wpd_mae,mt_distance,168,0.5221278708262713,0.17991965645536706,0.7332224404932961,-0.39104188514723764,0.9272164858458785,146,22,-0.1888544891640867,-0.37874097007223945,0.13261093911248711,-0.8740970072239422,0.8121775025799793,50,118,within_sample_across_methods
wpd_w1,wpd_bias_abs,168,0.9650466031242283,0.9364590550898058,0.9856653164995294,0.40427738736662866,0.9979665308846958,168,0,0.9298245614035088,0.8973684210526316,0.9460526315789474,0.6350877192982456,0.9824561403508771,168,0,within_sample_across_methods
wpd_w1,grad_mae,168,0.8083012234560234,0.6821291196280675,0.907265206607542,0.22122744475114223,0.9665645297039943,168,0,0.6517543859649123,0.5223684210526316,0.7368421052631579,0.09824561403508772,0.9385964912280702,168,0,within_sample_across_methods
wpd_w1,grad_w1,168,0.07858425740290417,-0.2380127534075539,0.42967353229448235,-0.4855683603699464,0.7589416205716071,94,74,0.5105263157894737,0.4043859649122807,0.6,-0.12456140350877193,0.7824561403508772,165,3,within_sample_across_methods
wpd_w1,grad_kurtosis_abs_delta,168,0.20409359318515202,0.026117083039604003,0.37202370083071407,-0.5293193259945607,0.8589160036495016,132,36,0.1956140350877193,-0.037719298245614034,0.3986842105263158,-0.6017543859649123,0.8403508771929824,115,53,within_sample_across_methods
wpd_w1,psd_log_l2,168,-0.10644516662288078,-0.38877553861823294,0.34015779162511356,-0.6506045223928584,0.7560644389345903,63,105,0.39035087719298245,0.2675438596491228,0.5048245614035087,-0.14385964912280702,0.6877192982456141,156,12,within_sample_across_methods
wpd_w1,psd_slope_abs_delta,168,-0.14991541485907656,-0.4125471921442504,0.12006174125031631,-0.7855209927462915,0.7855113835786652,57,111,0.23421052631578948,0.0662280701754386,0.3671052631578947,-0.3368421052631579,0.7035087719298245,140,28,within_sample_across_methods
wpd_w1,exceed_abs_t5,168,0.5391526959856203,0.407818873905355,0.6973510498650556,-0.3614759710681386,0.9100454354511914,161,7,0.507128035146937,0.30526315789473685,0.6227924361693793,-0.4456140350877193,0.8035087719298246,150,17,within_sample_across_methods
wpd_w1,exceed_abs_t10,168,0.843101692484169,0.5648355795311175,0.9237282642457998,-0.4396841340826485,0.9951306315613279,148,20,0.6017543859649123,0.10724810297687701,0.8600877192982457,-0.4631578947368421,0.9929824561403509,137,31,within_sample_across_methods
wpd_w1,exceed_abs_t15,168,0.9089940418326629,0.8138678536481077,0.9534555557506268,0.11463076564378061,0.9955793472052291,168,0,0.8780701754385964,0.7774874027294628,0.9232456140350878,-0.005263157894736842,0.9912280701754386,167,1,within_sample_across_methods
wpd_w1,exceed_abs_p90,168,0.9063020855670771,0.8010977023550482,0.9560265996586184,-0.0817358657955178,0.9971494793810433,167,1,0.8760694940207847,0.7574561403508773,0.9442982456140352,0.14035087719298245,0.9929824561403509,168,0,within_sample_across_methods
wpd_w1,comp_curve_l1,168,0.49416353097318066,0.2778021932065596,0.667597417585122,-0.10549699034275682,0.8700540893184725,165,3,0.5703005593922006,0.49166666666666664,0.6539431816972927,0.10969724618998267,0.9188241340872948,168,0,within_sample_across_methods
wpd_w1,comp_abs_t5,168,-0.10315523866690637,-0.3834852711961468,0.2436178965968927,-0.7529974498577425,0.9045914939303985,73,95,0.32528480829397,0.21562316107697554,0.46471869002040067,-0.20950221851285428,0.8165728269885647,159,9,within_sample_across_methods
wpd_w1,comp_abs_t10,168,-0.03884165593338265,-0.35815480183863346,0.26746838165342635,-0.7034381475157813,0.7783897822428365,74,94,0.37560193856249097,0.247670010283116,0.4596138733644033,-0.028119551335048152,0.836272789844413,164,3,within_sample_across_methods
wpd_w1,comp_abs_t15,168,0.5307784923474403,0.3202589646347645,0.7206025735213999,-0.47900694571253444,0.9704210445907974,157,11,0.6131509109357753,0.48726972247802064,0.71850718109502,0.08849904067559859,0.8951295289102585,168,0,within_sample_across_methods
wpd_w1,pd_distance,168,0.05769680115122869,-0.14246213598879287,0.30002842942313757,-0.48766927396130144,0.6439152481863838,98,70,0.2115583075335397,0.1408668730650155,0.3431372549019608,-0.46542827657378744,0.6842105263157895,152,16,within_sample_across_methods
wpd_w1,mt_distance,168,0.4847313149753824,0.21606877759440324,0.7569671864209542,-0.39569239951571067,0.9660598593625144,151,17,0.28586171310629516,0.06346749226006192,0.49484004127966974,-0.6656346749226006,0.8988648090815273,132,36,within_sample_across_methods
wpd_bias_abs,grad_mae,168,0.7387032112648928,0.5745030931694404,0.8408559413079321,-0.13615801044118955,0.9453178334820153,162,6,0.5754385964912281,0.4394736842105263,0.6337719298245614,-0.14912280701754385,0.7771929824561403,164,4,within_sample_across_methods
wpd_bias_abs,grad_w1,168,-0.10379705977726152,-0.29741165845032014,0.2955640642269705,-0.5076942871855253,0.8759000969669463,72,96,0.3868421052631579,0.2596491228070175,0.4513157894736842,-0.06491228070175438,0.8578947368421053,162,6,within_sample_across_methods
wpd_bias_abs,grad_kurtosis_abs_delta,168,0.13468637364745897,-0.021477170125174548,0.31699690233908023,-0.49690597310935036,0.8026026468177012,122,46,0.17982456140350878,-0.021052631578947368,0.3368421052631579,-0.43333333333333335,0.7649122807017544,123,45,within_sample_across_methods
wpd_bias_abs,psd_log_l2,168,-0.22821126519889423,-0.42835356448814393,0.17165355168155227,-0.7073936375383644,0.8686924086174832,64,104,0.29210526315789476,0.18289473684210528,0.36973684210526314,-0.2736842105263158,0.8192982456140351,146,22,within_sample_across_methods
wpd_bias_abs,psd_slope_abs_delta,168,-0.21696060029313494,-0.47481963363951457,0.10445540393704601,-0.7850338037030671,0.7879184538138526,54,114,0.16228070175438597,0.03508771929824561,0.2771929824561404,-0.3508771929824561,0.7508771929824561,133,35,within_sample_across_methods
wpd_bias_abs,exceed_abs_t5,168,0.3857557029794375,0.24101398478671807,0.5383751918419855,-0.6140222032293815,0.9042417662270169,155,13,0.3482456140350877,0.181140350877193,0.45657894736842103,-0.6754385964912281,0.6649122807017543,145,23,within_sample_across_methods
wpd_bias_abs,exceed_abs_t10,168,0.8242458241240951,0.5649562814436307,0.9353649213750506,-0.3611300524113084,0.996965425304631,158,10,0.5578947368421052,0.131140350877193,0.868421052631579,-0.543859649122807,0.9947368421052631,138,30,within_sample_across_methods
wpd_bias_abs,exceed_abs_t15,168,0.8417601090010389,0.7507728808508678,0.9287179624258042,0.05149829372662811,0.9942574936067415,168,0,0.8087719298245614,0.731578947368421,0.8728070175438597,0.09824561403508772,0.9789473684210527,168,0,within_sample_across_methods
wpd_bias_abs,exceed_abs_p90,168,0.8697066848006105,0.7987820842647505,0.9356048256134273,-0.24865171368854094,0.9968445619377925,166,2,0.8614035087719298,0.7820175438596491,0.9302631578947369,-0.18596491228070175,0.9842105263157894,167,1,within_sample_across_methods
wpd_bias_abs,comp_curve_l1,168,0.3603400019023928,0.08033377046459292,0.502550145326574,-0.17870425348974855,0.8404352481831351,140,28,0.39210526315789473,0.3030701754385965,0.5232558643262173,-0.04393679896101274,0.8087719298245614,164,4,within_sample_across_methods
wpd_bias_abs,comp_abs_t5,168,-0.13272248530489916,-0.4375912453161629,0.19553476446486487,-0.7748024061740059,0.8748088590716779,66,102,0.24142590678920395,0.11243251311433589,0.3356645275187765,-0.32170594002349634,0.6985520637378096,148,20,within_sample_across_methods
wpd_bias_abs,comp_abs_t10,168,-0.136011351512768,-0.4574695569615392,0.16751007873502588,-0.7088072434092914,0.7739399657255498,62,106,0.25724375516728315,0.11253724749841501,0.35846881111275575,-0.15006583278789629,0.7954348983154715,150,18,within_sample_across_methods
wpd_bias_abs,comp_abs_t15,168,0.356708187219863,0.11127520971371992,0.6060246402243257,-0.47342797667204917,0.9649821750361224,140,28,0.4547615933687533,0.3040336984843364,0.5914381757161654,-0.08959164561206193,0.835454226982908,163,5,within_sample_across_methods
wpd_bias_abs,pd_distance,168,-0.03981456545658821,-0.18256980448575655,0.20460540652789752,-0.5516658110724995,0.6440589555466849,78,90,0.1393188854489164,0.058823529411764705,0.26522187822497423,-0.27347781217750256,0.6264189886480909,133,35,within_sample_across_methods
wpd_bias_abs,mt_distance,168,0.4321723841252529,0.1702664215321766,0.7383281327556696,-0.625084604069575,0.9683309008074813,148,20,0.18782249742002063,0.03199174406604747,0.4551083591331269,-0.6264189886480909,0.8183694530443757,131,37,within_sample_across_methods
grad_mae,grad_w1,168,0.09014069591739408,-0.047053990297696434,0.2354106102609561,-0.3216197605543892,0.4187408041827994,110,58,0.4307017543859649,0.33157894736842103,0.5969298245614034,-0.4824561403508772,0.712280701754386,154,14,within_sample_across_methods
grad_mae,grad_kurtosis_abs_delta,168,0.3179987009274088,0.09687368678850307,0.5246564423323637,-0.4731878349330206,0.809748292786199,139,29,0.36754385964912284,0.07675438596491228,0.5640350877192982,-0.6087719298245614,0.9035087719298246,133,35,within_sample_across_methods
grad_mae,psd_log_l2,168,-0.028598498028900944,-0.2466322953015688,0.17148839531110854,-0.6314849962638767,0.5078755268367229,78,90,0.3298245614035088,0.1482456140350877,0.4570175438596491,-0.5052631578947369,0.6333333333333333,146,22,within_sample_across_methods
grad_mae,psd_slope_abs_delta,168,-0.17355502760455574,-0.411596010985419,0.026169414096147953,-0.777079476591708,0.2922329856037446,50,118,0.028070175438596492,-0.0793859649122807,0.1280701754385965,-0.6087719298245614,0.37543859649122807,90,78,within_sample_across_methods
grad_mae,exceed_abs_t5,168,0.5298352388466,0.41387774578271475,0.6564405329274583,-0.5283882059273358,0.9215220565822847,161,7,0.45438596491228067,0.27280701754385966,0.5780701754385965,-0.6578947368421053,0.7894736842105263,156,12,within_sample_across_methods
grad_mae,exceed_abs_t10,168,0.6539564224040073,0.4199088551536373,0.8307708462578232,-0.4890785292519577,0.9637587929753898,153,15,0.3315789473684211,0.060526315789473685,0.5649122807017544,-0.6649122807017543,0.8228070175438597,135,33,within_sample_across_methods
grad_mae,exceed_abs_t15,168,0.7354875812532985,0.46770173055393294,0.8592235977397418,-0.34682954260115473,0.9633201625531709,157,11,0.5701754385964912,0.3956140350877193,0.7236842105263158,-0.3333333333333333,0.9263157894736842,155,13,within_sample_across_methods
grad_mae,exceed_abs_p90,168,0.7163704602868073,0.4760050847918278,0.8687816505699044,-0.1645451580925727,0.9539322505638983,166,2,0.5236842105263158,0.4074561403508772,0.6837719298245615,-0.13508771929824562,0.8807017543859649,164,4,within_sample_across_methods
grad_mae,comp_curve_l1,168,0.5724838723534156,0.31591807939956784,0.7818178221553931,-0.4500914201433008,0.9060342998583979,152,16,0.6263157894736842,0.47543859649122805,0.7050692856221309,-0.41333922364385467,0.9056604645444969,158,10,within_sample_across_methods
grad_mae,comp_abs_t5,168,-0.11503003019246547,-0.2885620895721468,0.2307728524218522,-0.613306192338484,0.8541818035852007,64,104,0.4437786700149633,0.26297640152424007,0.5478492014888016,-0.4128242493889128,0.885321018312471,155,12,within_sample_across_methods
grad_mae,comp_abs_t10,168,-0.0747728544625079,-0.22727230990666933,0.08099320622374451,-0.7039989972835236,0.657641444135257,61,107,0.37269549043589145,0.2173319735806186,0.529088479027942,-0.5657747902925211,0.7547170537870808,158,10,within_sample_across_methods
grad_mae,comp_abs_t15,168,0.6496941076083607,0.3732144766544231,0.8271551909007477,-0.8496272220309423,0.940329698734676,148,20,0.6411765602643154,0.4836422810636397,0.730263157894737,-0.6433880257116018,0.9384900258072321,160,8,within_sample_across_methods
grad_mae,pd_distance,168,0.09292224161210055,-0.0651366446500247,0.18614576584603368,-0.3543652518782497,0.4254106855490559,112,56,0.500515995872033,0.42363261093911253,0.5939112487100103,-0.048503611971104234,0.8555211558307534,166,2,within_sample_across_methods
grad_mae,mt_distance,168,0.6009609778156801,0.3733576817966802,0.7444224669898248,-0.19613581863197982,0.9099005818120752,158,10,0.12280701754385964,-0.15325077399380804,0.3751289989680083,-0.5273477812177503,0.9071207430340558,97,71,within_sample_across_methods
grad_w1,grad_kurtosis_abs_delta,168,0.3671454125570567,0.08439347046344511,0.5826705036483064,-0.38565311174225575,0.8132778305688323,141,27,0.45,-0.16271929824561404,0.6100877192982457,-0.6684210526315789,0.8508771929824561,117,51,within_sample_across_methods
grad_w1,psd_log_l2,168,0.9344911376140911,0.9015008181952243,0.9510251352254347,0.7260276750248643,0.9798973900116278,168,0,0.8982456140350877,0.8416666666666666,0.9473684210526315,0.6859649122807018,0.9789473684210527,168,0,within_sample_across_methods
grad_w1,psd_slope_abs_delta,168,0.6166762004805904,0.5152295893399046,0.744855890911913,0.35651451913741855,0.845158827973706,168,0,0.6280701754385964,0.5206140350877193,0.7192982456140351,0.34385964912280703,0.8824561403508772,168,0,within_sample_across_methods
grad_w1,exceed_abs_t5,168,0.5430091235763628,-0.022431966057976205,0.7302097467830153,-0.7133006114719804,0.9131095204491831,123,45,0.6070175438596491,0.3793859649122807,0.7899122807017545,-0.6964912280701754,0.9438596491228071,148,20,within_sample_across_methods
grad_w1,exceed_abs_t10,168,-0.22719562618565972,-0.4797822638862448,0.11317771904915512,-0.7924978051435985,0.6825181830056634,59,109,0.2657894736842105,-0.1412280701754386,0.4614035087719298,-0.7859649122807018,0.724561403508772,111,57,within_sample_across_methods
grad_w1,exceed_abs_t15,168,0.13751850963383092,-0.1447511430395501,0.5152138124266215,-0.6321800872191153,0.8326700075096166,102,66,0.4359649122807018,0.2929824561403509,0.6188439127871355,-0.39473684210526316,0.8508771929824561,157,11,within_sample_across_methods
grad_w1,exceed_abs_p90,168,0.08346905055700256,-0.11844462943832759,0.37266942694170957,-0.4157102134468382,0.7477489015438019,99,69,0.4114035087719298,0.15526315789473683,0.543421052631579,-0.2964912280701754,0.724561403508772,144,24,within_sample_across_methods
grad_w1,comp_curve_l1,168,0.7148337162818577,0.28336111978156986,0.9482578186666757,-0.18894519130695528,0.9929777825374808,158,10,0.837902937075009,0.670029576633282,0.9655551609642274,0.5460932745609529,0.9947368421052631,168,0,within_sample_across_methods
grad_w1,comp_abs_t5,168,0.8208010655713847,0.6614088989619601,0.8979671192478214,-0.4003751736007357,0.9696009728087845,153,15,0.7779496778469004,0.6013318277863137,0.8973514027158034,-0.34729253223267864,0.9608814415713125,163,5,within_sample_across_methods
grad_w1,comp_abs_t10,168,0.9177449151213974,0.8659587080894948,0.9507725244780605,0.23807185310086496,0.9871972781133536,168,0,0.8907415112973707,0.8207273193756855,0.9286503072241292,0.5562398748464212,0.9855200597708043,168,0,within_sample_across_methods
grad_w1,comp_abs_t15,168,0.600798446749216,0.11845159790912488,0.9107450341440562,-0.3003142748069351,0.990988556801046,139,29,0.7560334207413606,0.6504995139295182,0.9318719253178731,0.2857149757645714,0.995610568090226,168,0,within_sample_across_methods
grad_w1,pd_distance,168,0.7672451869811108,0.717444150439167,0.8117792936377038,0.6012649191255234,0.9311767278484147,168,0,0.6398348813209493,0.6119711042311662,0.7038183694530444,0.37874097007223945,0.936016511867905,168,0,within_sample_across_methods
grad_w1,mt_distance,168,-0.37393984661957114,-0.5817111070043854,0.050988019432788655,-0.9506169688955362,0.7102742324985413,48,120,0.17234262125902994,-0.18679050567595457,0.390608875128999,-0.9215686274509803,0.8163054695562435,108,60,within_sample_across_methods
grad_kurtosis_abs_delta,psd_log_l2,168,0.4058639220555076,0.11860419495447759,0.5896122805015964,-0.4614477401288037,0.8446282901721297,140,28,0.45964912280701753,-0.12456140350877193,0.7109649122807018,-0.7,0.9192982456140351,117,51,within_sample_across_methods
grad_kurtosis_abs_delta,psd_slope_abs_delta,168,0.22897258354679417,-0.016285949859967563,0.442149006962866,-0.6245629991585717,0.7314861739561562,125,43,0.24298245614035086,-0.12324561403508771,0.4587719298245614,-0.5666666666666667,0.8263157894736842,117,51,within_sample_across_methods
grad_kurtosis_abs_delta,exceed_abs_t5,168,0.2934796354096312,-0.0026709460745985214,0.5334715896968104,-0.6023475567829775,0.9188949194733286,125,43,0.3333333333333333,-0.13859649122807016,0.6162280701754386,-0.6263157894736842,0.9333333333333333,114,54,within_sample_across_methods
grad_kurtosis_abs_delta,exceed_abs_t10,168,0.10453964865986964,-0.06819197512639905,0.3106951768930678,-0.4736149176290665,0.7837850272482835,113,55,0.1105263157894737,-0.043859649122807015,0.2894736842105263,-0.6403508771929824,0.7157894736842105,118,50,within_sample_across_methods
grad_kurtosis_abs_delta,exceed_abs_t15,168,0.11296449130504474,-0.04300249073083501,0.3169192513304024,-0.5658328126722576,0.7685660252341042,116,52,0.1868421052631579,-0.025661070880117803,0.36096491228070177,-0.5526315789473685,0.8298245614035088,121,47,within_sample_across_methods
grad_kurtosis_abs_delta,exceed_abs_p90,168,0.10021184753892581,0.0021075013621057216,0.27244044517268895,-0.38499369712776504,0.8420195035949573,127,41,0.1587719298245614,-0.056578947368421055,0.2929824561403509,-0.5491228070175439,0.7228070175438597,116,52,within_sample_across_methods
grad_kurtosis_abs_delta,comp_curve_l1,168,0.4558613050283874,0.11518073796569159,0.6928740289013282,-0.375814131651946,0.9523182167922023,138,30,0.4839842501902035,-0.1530876923499958,0.7112647690693994,-0.6596491228070176,0.8889864831236195,115,53,within_sample_across_methods
grad_kurtosis_abs_delta,comp_abs_t5,168,0.29798912856315984,0.028082142305564366,0.48816972523499225,-0.6104496053008625,0.8182962217834593,130,38,0.36726934547692963,-0.04978673490025197,0.5865443458813323,-0.6889121323978182,0.88000212535488,122,46,within_sample_across_methods
grad_kurtosis_abs_delta,comp_abs_t10,168,0.32677651209959624,0.03309040511912564,0.6099296531063876,-0.4838951538462342,0.8727571038504576,129,39,0.4845307848610213,-0.0596837944730875,0.657964082647516,-0.6482219064872716,0.9438596491228071,122,46,within_sample_across_methods
grad_kurtosis_abs_delta,comp_abs_t15,168,0.36873251478297897,0.04067348246633637,0.6301130786822247,-0.4310197713290719,0.9459204633962455,132,36,0.4483076881026783,-0.14780701754385964,0.6579438703252003,-0.6353664499323796,0.9205792900263345,117,51,within_sample_across_methods
grad_kurtosis_abs_delta,pd_distance,168,0.5044624990010784,0.05092871658403597,0.7158686961860157,-0.7531269192440712,0.9293647264298222,127,41,0.4262125902992776,0.1460268317853457,0.5624355005159959,-0.7688338493292054,0.8575851393188855,131,37,within_sample_across_methods
grad_kurtosis_abs_delta,mt_distance,168,0.010703359446134772,-0.2878170798066094,0.30174839452670293,-0.7156408631865442,0.8977810778959162,86,82,-0.03611971104231167,-0.3508771929824561,0.3302373581011352,-0.7585139318885449,0.8307533539731682,79,89,within_sample_across_methods
psd_log_l2,psd_slope_abs_delta,168,0.7919906076317775,0.6964650601469953,0.8632798425664554,0.5619114926520732,0.9255868526502907,168,0,0.7736842105263158,0.6991228070175438,0.8337719298245614,0.41578947368421054,0.9070175438596492,168,0,within_sample_across_methods
psd_log_l2,exceed_abs_t5,168,0.5019000083462113,-0.11216582564956168,0.759427472819279,-0.849549294892095,0.924771227883051,117,51,0.6163633931283365,0.46271929824561403,0.8039473684210526,-0.6649122807017543,0.9192982456140351,148,20,within_sample_across_methods
psd_log_l2,exceed_abs_t10,168,-0.2908353397303113,-0.5066320728241385,0.03285763815826785,-0.8617950262372132,0.6061325577231056,46,122,0.15087719298245614,-0.20043859649122808,0.37894736842105264,-0.7456140350877193,0.5771929824561404,110,58,within_sample_across_methods
psd_log_l2,exceed_abs_t15,168,0.07987465219473558,-0.3318830002574439,0.37382149613228344,-0.7189339794031778,0.7837843134588511,95,73,0.3508771929824561,0.17216750593931024,0.5355263157894736,-0.47017543859649125,0.7473684210526316,147,21,within_sample_across_methods
psd_log_l2,exceed_abs_p90,168,-0.059835733306432354,-0.27889975826539437,0.16956818771174645,-0.6787446037000366,0.6980076115594582,74,94,0.28771929824561404,-0.0008771929824561404,0.4548245614035088,-0.4631578947368421,0.6631578947368421,125,42,within_sample_across_methods
psd_log_l2,comp_curve_l1,168,0.6399111052828685,0.3848691593341261,0.9024891250382108,-0.13056966476279902,0.9813338623002102,163,5,0.8333333333333334,0.6486842105263158,0.94351215020609,0.4192982456140351,0.9824411161313605,168,0,within_sample_across_methods
psd_log_l2,comp_abs_t5,168,0.7991713187371527,0.5047982571044853,0.903809416488188,-0.5104629443030445,0.9900787919194052,159,9,0.7302735074807376,0.5518960738185049,0.852952085219871,-0.24216326254515932,0.9525099119038773,162,6,within_sample_across_methods
psd_log_l2,comp_abs_t10,168,0.9204597967582901,0.8197040801918335,0.9543727535539229,0.023341700354708728,0.9855973438777307,168,0,0.8831803888522379,0.8117116427824975,0.9251865743663138,0.6125494227248632,0.9688194618637677,168,0,within_sample_across_methods
psd_log_l2,comp_abs_t15,168,0.6473695254287262,0.21768897413568367,0.8542927540278233,-0.5883993752965124,0.9728343429385694,144,24,0.7751012759607485,0.6128861213005026,0.8936275706919257,0.29274795978339163,0.9899079496184036,168,0,within_sample_across_methods
psd_log_l2,pd_distance,168,0.6787979719185678,0.633790242050856,0.7198292112690543,0.3717116512314597,0.8698818655065781,168,0,0.5263157894736843,0.46542827657378744,0.5846233230134159,0.30030959752321984,0.8761609907120743,168,0,within_sample_across_methods
psd_log_l2,mt_distance,168,-0.32322498017174106,-0.604053171806669,0.14895139298299376,-0.9531678450827565,0.800269318440204,57,111,0.21259029927760578,-0.14189886480908154,0.4674922600619195,-0.8761609907120743,0.8885448916408669,117,51,within_sample_across_methods
psd_slope_abs_delta,exceed_abs_t5,168,0.4662492296027262,-0.16990462430302727,0.6352334688061698,-0.767107642396166,0.8313510748603493,113,55,0.5517543859649123,0.3973684210526316,0.6649122807017543,-0.5228070175438596,0.8263157894736842,152,16,within_sample_across_methods
psd_slope_abs_delta,exceed_abs_t10,168,-0.25265676069503884,-0.44927818239439493,-0.007008458178699096,-0.8354215347831913,0.5771474629014782,39,129,0.09824561403508772,-0.12850877192982457,0.2219298245614035,-0.6298245614035087,0.6421052631578947,98,70,within_sample_across_methods
psd_slope_abs_delta,exceed_abs_t15,168,-0.025352145992996976,-0.3066348826942521,0.2267023157227614,-0.7847234293171697,0.6643547529376059,82,86,0.2131578947368421,0.014035087719298246,0.3502580856922839,-0.40350877192982454,0.7017543859649122,128,40,within_sample_across_methods
psd_slope_abs_delta,exceed_abs_p90,168,-0.12324163061427146,-0.3434583515011174,0.073853183924503,-0.7303051354982258,0.8570700477303597,52,116,0.11578947368421053,-0.07412280701754385,0.29912280701754385,-0.4070175438596491,0.8070175438596491,113,55,within_sample_across_methods
psd_slope_abs_delta,comp_curve_l1,168,0.390657806008396,0.11310786482799043,0.7084625365791313,-0.46304418541585585,0.8791685547318285,137,31,0.5189734128001365,0.36491228070175435,0.7232456140350878,0.08611612596358496,0.8784555474893813,168,0,within_sample_across_methods
psd_slope_abs_delta,comp_abs_t5,168,0.5130549694252634,0.268884677730465,0.7109313376294966,-0.6318471619397454,0.9375593901142998,151,17,0.544257313528212,0.37225191798114865,0.6606662988462031,-0.4225589373879404,0.904468513744384,159,9,within_sample_across_methods
psd_slope_abs_delta,comp_abs_t10,168,0.6370863736612612,0.537540892682754,0.7553680945614554,-0.14000256126548075,0.9457794240867976,166,2,0.6621325780027354,0.5357613503918753,0.7503850981966881,0.2677788564969303,0.933104376036924,168,0,within_sample_across_methods
psd_slope_abs_delta,comp_abs_t15,168,0.3699903054479422,-0.06179067928806777,0.6701084679778622,-0.6971982264098501,0.9310443868937466,121,47,0.48014019655259044,0.29691664617131347,0.657956985940808,0.03949100862839376,0.9298245614035088,168,0,within_sample_across_methods
psd_slope_abs_delta,pd_distance,168,0.2920149625506523,0.192750177569735,0.3906418742961096,-0.03792944303348245,0.5653298569798944,163,5,0.3075335397316821,0.22549019607843138,0.35190918472652216,-0.06707946336429309,0.7110423116615067,164,4,within_sample_across_methods
psd_slope_abs_delta,mt_distance,168,-0.11855115833187416,-0.4309485772928807,0.16901711602096167,-0.7522418729828195,0.6193660820165636,65,103,0.11455108359133127,-0.13570691434468524,0.36945304437564497,-0.7791537667698658,0.7007223942208463,103,65,within_sample_across_methods
exceed_abs_t5,exceed_abs_t10,168,0.33975646680508237,0.11346084282162595,0.5309379921429644,-0.48394481874574163,0.90397686401117,144,24,0.2368421052631579,-0.032017543859649125,0.4792193136476305,-0.7350877192982456,0.7631578947368421,120,47,within_sample_across_methods
exceed_abs_t5,exceed_abs_t15,168,0.44653381380790985,0.2199408861668143,0.6195429692810351,-0.7093045403678588,0.9153794768123246,143,25,0.381578947368421,0.15350877192982457,0.5179824561403509,-0.6090391108467837,0.7512067419090013,137,31,within_sample_across_methods
exceed_abs_t5,exceed_abs_p90,168,0.40989646425934484,0.18962271659066662,0.5439957451788366,-0.3719380974385136,0.8772616454935205,149,19,0.3587719298245614,0.11097492194435851,0.45263157894736844,-0.4964912280701754,0.6456140350877193,138,30,within_sample_across_methods
exceed_abs_t5,comp_curve_l1,168,0.704980207624996,0.4239746148698496,0.8434991894945956,-0.6339531796735727,0.9639438062566208,151,17,0.747365652187876,0.5098720858394321,0.8604016281147691,-0.6684210526315789,0.9456140350877194,155,13,within_sample_across_methods
exceed_abs_t5,comp_abs_t5,168,0.1664371618340703,-0.2220314929376585,0.4626500996280111,-0.8170715802165234,0.8347968522863515,102,66,0.4630129467053271,0.22659975685296754,0.6456398528125141,-0.6895043314261629,0.9034347414084792,150,18,within_sample_across_methods
exceed_abs_t5,comp_abs_t10,168,0.40660158679912073,-0.03587115599530026,0.6279051977856993,-0.7140011485233075,0.9252690829680316,123,45,0.612280701754386,0.45456545148034067,0.7867099103407107,-0.5936696126824721,0.9311102256605729,154,14,within_sample_across_methods
exceed_abs_t5,comp_abs_t15,168,0.7279479542742298,0.4743619885696948,0.8431588929481016,-0.7389938337588813,0.9545073316089997,149,19,0.7092389318586683,0.5142160310844047,0.840153837232765,-0.5456950430957782,0.9547275805548447,152,16,within_sample_across_methods
exceed_abs_t5,pd_distance,168,0.31677437312139234,0.051643456984777805,0.5187780742442303,-0.4410054293358279,0.7256364928574051,132,36,0.31062951496388025,0.1584107327141383,0.4179566563467492,-0.5975232198142415,0.7337461300309598,154,14,within_sample_across_methods
exceed_abs_t5,mt_distance,168,0.30612047349980687,0.09522856566050539,0.5408368767042343,-0.5572838184609001,0.9422749794591188,137,31,0.26418988648090813,-0.058307533539731685,0.47523219814241485,-0.7936016511867905,0.8864809081527347,121,47,within_sample_across_methods
exceed_abs_t10,exceed_abs_t15,168,0.5695313939141391,0.1130121725194592,0.8319308457648078,-0.7255942820252292,0.9828358524815429,136,32,0.26584837670495987,-0.11052631578947368,0.675,-0.8912280701754386,0.9402988698629912,114,54,within_sample_across_methods
exceed_abs_t10,exceed_abs_p90,168,0.6548363737115628,0.2398615634638827,0.8708883958064906,-0.7533422105016399,0.9987528654215577,141,27,0.45614035087719296,0.02149122807017544,0.8004385964912281,-0.8964912280701754,0.9929824561403509,127,40,within_sample_across_methods
exceed_abs_t10,comp_curve_l1,168,0.3478680295465444,0.012672391811830434,0.5843148810205983,-0.5260208327547433,0.8971254253761536,127,41,0.3633172793812226,-0.0015330665372137106,0.5458133574470664,-0.7333333333333333,0.8664336755111712,126,42,within_sample_across_methods
exceed_abs_t10,comp_abs_t5,168,-0.21097921238058004,-0.4920194078441638,0.1244475427683055,-0.8480998881419463,0.8325213441993621,61,107,0.1449296082776198,-0.03897554807501698,0.3217425542694623,-0.6875854920991734,0.7683535040561089,120,48,within_sample_across_methods
exceed_abs_t10,comp_abs_t10,168,-0.16157786559763473,-0.5836030637948585,0.13054317516757485,-0.8234915910452457,0.7681309636503374,58,110,0.234778295654953,-0.03444936848930631,0.4004834020628241,-0.6578947368421053,0.8906463593199098,121,47,within_sample_across_methods
exceed_abs_t10,comp_abs_t15,168,0.27612620628628404,-0.03187529002102691,0.6536233211808156,-0.5849187964391432,0.9543217903092879,123,45,0.35673544460982365,-0.02721228265510422,0.5796334762123434,-0.7503291639394815,0.9005337515903521,124,44,within_sample_across_methods
exceed_abs_t10,pd_distance,168,-0.1724496716460922,-0.2748033501728141,0.05216009519775229,-0.6156558689875536,0.4568710726800814,49,119,0.02993548785975699,-0.16460268317853458,0.16047471620227038,-0.5975232198142415,0.717234262125903,93,75,within_sample_across_methods
exceed_abs_t10,mt_distance,168,0.5052379891346446,0.13615178691906196,0.7458112245242432,-0.46185022890817456,0.9709453895744541,142,26,0.13415892672858618,-0.13261093911248711,0.35720703545902605,-0.6553147574819401,0.8390092879256966,105,63,within_sample_across_methods
exceed_abs_t15,exceed_abs_p90,168,0.8762503406456259,0.6795592613708848,0.9568871851206122,-0.4393955748298754,0.9999233600056409,161,7,0.8315789473684211,0.5849305002166565,0.9404402423257067,-0.3422554081127459,0.9982456140350877,161,7,within_sample_across_methods
exceed_abs_t15,comp_curve_l1,168,0.46198430667136003,0.25873087676948864,0.6906418138599772,-0.33633464179243594,0.8910876577910375,155,13,0.5410268182089946,0.36447368421052634,0.6241228070175439,-0.312280701754386,0.8929824561403509,157,11,within_sample_across_methods
exceed_abs_t15,comp_abs_t5,168,0.07809684501990646,-0.23068320922443084,0.3379972308905898,-0.7811420192028264,0.8626116078534446,95,73,0.29980390867941575,0.16693985354251256,0.43007769819359754,-0.3139373749275231,0.7191750406228266,149,19,within_sample_across_methods
exceed_abs_t15,comp_abs_t10,168,0.01757415994669741,-0.30314687049009426,0.31988411218741136,-0.763314940331692,0.7869387611396093,87,81,0.2905421072350189,0.15834969528354148,0.4741642143929205,-0.41333922364385467,0.7854322827202759,152,16,within_sample_across_methods
exceed_abs_t15,comp_abs_t15,168,0.5079915554582727,0.2689546158170779,0.7401287862707581,-0.7058521467763722,0.9678844343258944,152,16,0.5787634160550716,0.37048501871517603,0.6785126699344027,-0.3437370939198382,0.9726932652062209,159,9,within_sample_across_methods
exceed_abs_t15,pd_distance,168,0.11798927054315059,-0.17812288545726174,0.35667729884790045,-0.4950799248559855,0.6488548727503902,104,64,0.21878224974200206,0.0838594546091588,0.3622291021671827,-0.49767688614656985,0.714507064758146,138,30,within_sample_across_methods
exceed_abs_t15,mt_distance,168,0.432643006840949,0.055878805778825535,0.7342182993681466,-0.48574052559434694,0.9515814127572819,129,39,0.24664602683178535,-0.033023735810113516,0.46233230134158926,-0.7263345561025706,0.8699690402476781,121,47,within_sample_across_methods
exceed_abs_p90,comp_curve_l1,168,0.3572327832703206,0.16454013542811835,0.5561216215559559,-0.4244567004839725,0.8994782130292147,146,22,0.44917926062973906,0.20974113471524686,0.564480659232748,-0.3333333333333333,0.7827995488117163,150,18,within_sample_across_methods
exceed_abs_p90,comp_abs_t5,168,-0.02045151562988256,-0.2379582655196652,0.23011797797652123,-0.6836743899507259,0.8736191870701929,77,91,0.24499648375178723,0.08629783511161847,0.3548238752347422,-0.433026287124966,0.673408219802036,142,26,within_sample_across_methods
exceed_abs_p90,comp_abs_t10,168,-0.03131427330762359,-0.276198190633077,0.2303396039915195,-0.6294087358263338,0.7540230683249843,79,89,0.26107944593215876,0.0898208957896415,0.3904260986242045,-0.33525032915753655,0.7678807233298787,137,31,within_sample_across_methods
exceed_abs_p90,comp_abs_t15,168,0.3952848041222936,0.08630734589955591,0.6616771090449193,-0.5077827819225756,0.9675910094453312,136,32,0.48521778299461615,0.19855201560386862,0.6395998368364295,-0.3648360459762989,0.8543852386661452,152,16,within_sample_across_methods
exceed_abs_p90,pd_distance,168,0.09464407462304973,-0.12362973494943978,0.23611385157142623,-0.5046205699007074,0.5816003590031732,106,62,0.15479876160990713,0.043859649122807015,0.3281733746130031,-0.5975232198142415,0.6016511867905057,130,38,within_sample_across_methods
exceed_abs_p90,mt_distance,168,0.4037113354227999,0.05220494207204894,0.6421965330824948,-0.49382734649911375,0.9148769601076839,131,37,0.16615067079463364,-0.04644562378784925,0.42466460268317857,-0.5397316821465429,0.8782249742002064,119,49,within_sample_across_methods
comp_curve_l1,comp_abs_t5,168,0.6256381957557331,0.24356002144340055,0.790825997714306,-0.6756757611029138,0.9824417330235363,140,28,0.6622728259101947,0.5295152523078113,0.8371792012747089,-0.07515710994248624,0.9694338519503559,165,3,within_sample_across_methods
comp_curve_l1,comp_abs_t10,168,0.6776978399197302,0.16063475778615155,0.925022116287792,-0.5647545515551876,0.9942244775166205,142,26,0.7973668827725666,0.6322217507182314,0.9355867701072229,0.36751817521086466,0.9920983318700615,168,0,within_sample_across_methods
comp_curve_l1,comp_abs_t15,168,0.9376271455656255,0.873321636667927,0.9725301138579076,0.047132758261777846,0.9966916349347511,168,0,0.9423264972595773,0.9084742188213375,0.9651012446655549,0.40284736127737947,0.9960509954050426,168,0,within_sample_across_methods
comp_curve_l1,pd_distance,168,0.6564790355131004,0.2763687584651241,0.7721609495219328,-0.1885311959169704,0.9247669098651284,163,5,0.5108359133126935,0.3822922553854098,0.6393188854489164,0.17965929084959162,0.8637770897832817,168,0,within_sample_across_methods
comp_curve_l1,mt_distance,168,0.2870193338705278,-0.10570453226257548,0.5876058043333479,-0.7709205042707717,0.9475454993703383,121,47,0.33032235820139294,-0.02658750999641945,0.5614763850334361,-0.7915376676986584,0.9168818981289503,125,43,within_sample_across_methods
comp_abs_t5,comp_abs_t10,168,0.8003769148650328,0.4776180003964921,0.9084054308029139,-0.6861767691562647,0.9865592135483157,148,20,0.7864884422404701,0.5940889433770532,0.874863824126356,-0.15666052349985377,0.9670478250345208,164,4,within_sample_across_methods
comp_abs_t5,comp_abs_t15,168,0.47803564072209553,-0.02704235839023862,0.7233087625322314,-0.652787469495051,0.9605970325405306,124,44,0.5807863598971317,0.4771472839226838,0.7436697043260998,-0.08536287288768553,0.9445765736952186,165,3,within_sample_across_methods
comp_abs_t5,pd_distance,168,0.5894115652506491,0.4067522791737011,0.715259911599275,-0.39859960093054847,0.8923304325327581,155,13,0.6082796051737492,0.3996724284638581,0.7109792430164009,-0.5244113095128814,0.9408282302648666,160,8,within_sample_across_methods
comp_abs_t5,mt_distance,168,-0.22793084254627016,-0.6251536970351801,0.11151730524427457,-0.9704239501483523,0.9639153489682014,62,106,0.07532143696271096,-0.2195995891078807,0.3287891778478124,-0.857882167997937,0.8523066185205919,95,72,within_sample_across_methods
comp_abs_t10,comp_abs_t15,168,0.516169074793527,-0.0015769203092657973,0.8300300430824714,-0.6076094745514192,0.9650086716951837,125,43,0.7018833526233633,0.5750732511517747,0.8467421137242632,0.26473215977852893,0.9700158302642957,168,0,within_sample_across_methods
comp_abs_t10,pd_distance,168,0.6858113662856324,0.6025054901360741,0.7485259216923599,0.11603384622389266,0.8888519452935084,168,0,0.6115705742706363,0.5257588081403515,0.6878306910205481,0.14366942331531715,0.85994935394492,168,0,within_sample_across_methods
comp_abs_t10,mt_distance,168,-0.3724621730609796,-0.660755258083793,0.027697446838368136,-0.9160178139823575,0.7536064248436157,49,119,0.11409268727387756,-0.26027387519348794,0.35924605946387467,-0.8224974200206399,0.8528653692055326,99,69,within_sample_across_methods
comp_abs_t15,pd_distance,168,0.5117129411741519,0.17359610993156116,0.7177004497725987,-0.24101060481239808,0.9053805648070444,149,19,0.5156212315815604,0.36686442515285794,0.6279291231402546,-0.001042260571554394,0.8569954678457531,167,1,within_sample_across_methods
comp_abs_t15,mt_distance,168,0.3486477099209936,-0.07095988458036288,0.6273977103520201,-0.7702883201617078,0.9483327989475857,120,48,0.31825735071458566,-0.004391838164362149,0.5419604693643996,-0.7661332977609022,0.9225211534183754,125,43,within_sample_across_methods
pd_distance,mt_distance,168,-0.2623422406906496,-0.41370085972901566,-0.052379703765870325,-0.724097807908634,0.671844248986195,35,133,-0.15376676986584106,-0.4602683178534572,0.07739938080495357,-0.8699690402476781,0.7440660474716202,56,112,within_sample_across_methods
